row_id,value_s,conflicts,censored
R0001,0.7172,,0
R0001,1.3201,,0
R0001,0.7173,,0
R0001,0.6674,,0
R0001,0.6174,,0
R0002,3.6272,,0
R0002,3.4245,,0
R0002,3.526,,0
R0002,7.4856,,0
R0002,4.3777,,0
R0003,0.0095,,0
R0003,1.0689,,0
R0003,0.517,,0
R0003,1.1185,,0
R0003,0.0174,,0
R0003,0.0173,,0
R0003,0.3657,,0
R0003,0.0092,,0
R0003,1.7703,,0
R0003,1.5199,,0
R0004,12.7004,,0
R0004,8.5914,,0
R0004,9.8415,,0
R0004,13.4527,,0
R0004,11.8483,,0
R0004,5.8314,,0
R0004,14.9558,,0
R0004,8.0376,,0
R0004,9.8947,,0
R0004,6.9839,,0
R0005,0.0091,,0
R0005,7.186,,0
R0005,0.4668,,0
R0005,4.3806,,0
R0005,0.009,,0
R0006,14.3586,,0
R0006,15.508,,0
R0006,11.597,,0
R0006,8.8913,,0
R0006,12.504,,0
R0009,0.0176,,0
R0009,3.1746,,0
R0009,2.2725,,0
R0009,3.8279,,0
R0009,0.0177,,0
R0010,7.0351,,0
R0010,7.086,,0
R0010,18.5663,,0
R0010,13.9559,,0
R0010,3.8268,,0
R0011,900.0,,1
R0011,900.0,,1
R0012,900.0,,1
R0012,900.0,,1
R0013,0.0049,,0
R0013,0.0648,,0
R0013,0.1151,,0
R0013,0.0655,,0
R0013,0.0024,,0
R0013,0.0026,,0
R0013,0.065,,0
R0013,0.0024,,0
R0013,0.1149,,0
R0013,0.1155,,0
R0014,0.2154,,0
R0014,0.2153,,0
R0014,0.2157,,0
R0014,0.2156,,0
R0014,0.2159,,0
R0014,0.2159,,0
R0014,0.2162,,0
R0014,0.2159,,0
R0014,0.2162,,0
R0014,0.2158,,0
R0015,0.0049,,0
R0015,0.1152,,0
R0015,0.1152,,0
R0015,0.0652,,0
R0015,0.0025,,0
R0015,0.0046,,0
R0015,0.065,,0
R0015,0.0025,,0
R0015,0.115,,0
R0015,0.1152,,0
R0016,0.2153,,0
R0016,0.2157,,0
R0016,0.2161,,0
R0016,0.2159,,0
R0016,0.2159,,0
R0016,0.2159,,0
R0016,0.2161,,0
R0016,0.2161,,0
R0016,0.2163,,0
R0016,0.216,,0
R0017,27.2847,,0
R0017,15.2554,,0
R0017,17.261,,0
R0017,6.9327,,0
R0018,36.0573,,0
R0018,45.086,,0
R0019,0.0047,,0
R0019,0.266,,0
R0019,0.5167,,0
R0019,0.2658,,0
R0019,0.0047,,0
R0019,0.0026,,0
R0019,0.2654,,0
R0019,0.0046,,0
R0019,0.466,,0
R0019,0.5665,,0
R0020,1.1177,,0
R0020,1.1182,,0
R0020,1.1681,,0
R0020,1.1184,,0
R0020,1.1182,,0
R0020,1.1686,,0
R0020,1.1194,,0
R0020,1.1687,,0
R0020,1.1179,,0
R0020,1.1178,,0
R0021,2.1204,,0
R0021,61.1371,,0
R0021,72.0761,,0
R0021,6.3327,,0
R0021,14.2562,,0
R0022,110.4699,,0
R0022,118.5319,,0
R0023,120.0,,1
R0023,120.0,,1
R0023,120.0,,1
R0024,0.0026,,0
R0024,0.0337,,0
R0024,0.0335,,0
R0024,0.0338,,0
R0024,0.0049,,0
R0024,0.0045,,0
R0024,0.0331,,0
R0024,0.0024,,0
R0024,0.0325,,0
R0024,0.0332,,0
R0025,0.0653,,0
R0025,0.0654,,0
R0025,0.0653,,0
R0025,0.0654,,0
R0025,0.0654,,0
R0025,0.0661,,0
R0025,0.0658,,0
R0025,0.0652,,0
R0025,0.0655,,0
R0025,0.0654,,0
R0026,7.3359,,0
R0026,9.8938,,0
R0026,11.0003,,0
R0026,1.7194,,0
R0026,3.6248,,0
R0027,44.0382,,0
R0027,84.0445,,0
R0027,76.0686,,0
R0027,51.7916,,0
R0027,48.0215,,0
R0028,8.0355,,0
R0028,17.3606,,0
R0028,45.3914,,0
R0028,0.0092,,0
R0028,0.5664,,0
R0028,10.2437,,0
R0028,36.5135,,0
R0028,2.7227,,0
R0028,37.5679,,0
R0028,18.9736,,0
R0029,80.0498,,0
R0029,71.1564,,0
R0029,110.6484,,0
R0029,92.502,,0
R0029,89.7001,,0
R0029,63.1304,,0
R0029,82.234,,0
R0029,65.3982,,0
R0029,84.5879,,0
R0029,75.2125,,0
R0030,50.6541,,0
R0030,22.4302,,0
R0030,3.0242,,0
R0030,0.0335,,0
R0030,1.2183,,0
R0031,80.0281,,0
R0031,85.051,,0
R0031,68.8215,,0
R0031,85.374,,0
R0031,79.8917,,0
R0034,165.8317,,0
R0034,12.9997,,0
R0034,37.773,,0
R0034,0.0177,,0
R0034,0.4664,,0
R0035,121.657,,0
R0035,93.3593,,0
R0035,105.3739,,0
R0035,129.2619,,0
R0035,71.99,,0
R0036,0.867,,0
R0036,0.1154,,0
R0036,0.4661,,0
R0036,0.0045,,0
R0036,0.0046,,0
R0036,1.1182,,0
R0036,0.4162,,0
R0036,0.1153,,0
R0036,0.1654,,0
R0036,0.567,,0
R0037,2.2713,,0
R0037,2.3726,,0
R0037,2.3214,,0
R0037,2.322,,0
R0037,2.2711,,0
R0037,2.2708,,0
R0037,2.3213,,0
R0037,2.3716,,0
R0037,2.3211,,0
R0037,2.3705,,0
R0038,0.8673,,0
R0038,0.116,,0
R0038,0.4159,,0
R0038,0.005,,0
R0038,0.0047,,0
R0038,1.1179,,0
R0038,0.4166,,0
R0038,0.1158,,0
R0038,0.1659,,0
R0038,0.567,,0
R0039,2.2707,,0
R0039,2.3228,,0
R0039,2.3218,,0
R0039,2.2713,,0
R0039,2.3222,,0
R0039,2.2708,,0
R0039,2.3712,,0
R0039,2.3717,,0
R0039,2.3213,,0
R0039,2.3208,,0
R0040,29.9413,,0
R0040,47.0325,,0
R0040,52.8489,,0
R0041,180.0,,1
R0041,180.0,,1
R0041,180.0,,1
R0042,6.0813,,0
R0042,0.7669,,0
R0042,3.023,,0
R0042,0.0047,,0
R0042,0.0047,,0
R0042,8.1867,,0
R0042,2.7726,,0
R0042,0.5664,,0
R0042,0.9184,,0
R0042,3.7247,,0
R0043,16.9614,,0
R0043,16.7601,,0
R0043,16.6567,,0
R0043,16.863,,0
R0043,16.606,,0
R0043,16.7568,,0
R0043,16.5555,,0
R0043,16.4583,,0
R0043,16.9591,,0
R0043,16.6559,,0
R0044,80.2237,,0
R0045,120.0,,1
R0045,120.0,,1
R0045,120.0,,1
R0045,120.0,,1
R0046,120.0,,1
R0046,120.0,,1
R0046,120.0,,1
R0046,120.0,,1
R0046,120.0,,1
R0047,0.316,,0
R0047,0.0655,,0
R0047,0.2159,,0
R0047,0.005,,0
R0047,0.0052,,0
R0047,0.316,,0
R0047,0.2156,,0
R0047,0.0651,,0
R0047,0.0652,,0
R0047,0.2156,,0
R0048,0.4166,,0
R0048,0.4164,,0
R0048,0.4167,,0
R0048,0.4171,,0
R0048,0.4162,,0
R0048,0.3661,,0
R0048,0.4169,,0
R0048,0.4163,,0
R0048,0.4164,,0
R0048,0.4163,,0
R0049,5.1285,,0
R0049,9.644,,0
R0049,129.8624,,0
R0049,6.5812,,0
R0049,24.0741,,0
R0050,56.8536,,0
R0050,69.8896,,0
R0050,50.4383,,0
R0050,67.6722,,0
R0050,50.2364,,0
R0051,3.4743,,0
R0051,25.6878,,0
R0051,39.6306,,0
R0051,0.0095,,0
R0051,12.4556,,0
R0051,94.1703,,0
R0051,14.7055,,0
R0051,16.868,,0
R0051,67.5253,,0
R0051,31.9722,,0
R0051,27.7966,,0
R0052,98.8912,,0
R0052,209.3623,,0
R0052,134.3879,,0
R0052,109.2249,,0
R0052,93.2743,,0
R0052,213.1526,,0
R0052,264.7039,,0
R0053,300.0,,1
R0053,300.0,,1
R0054,66.5259,,0
R0054,38.8698,,0
R0054,16.9064,,0
R0054,0.0092,,0
R0054,21.3309,,0
R0055,148.0972,,0
R0055,218.9708,,0
R0055,171.6955,,0
R0055,195.9794,,0
R0055,197.3794,,0
R0058,50.2073,,0
R0058,80.2962,,0
R0058,0.0338,,0
R0058,148.7587,,0
R0059,110.4079,,0
R0059,87.1255,,0
R0059,183.5392,,0
R0059,136.6516,,0
R0060,300.0,,1
R0061,300.0,,1
R0062,0.0329,,0
R0062,0.567,,0
R0062,1.2184,,0
R0062,0.0048,,0
R0062,0.0651,,0
R0062,0.7681,,0
R0062,0.6167,,0
R0062,0.216,,0
R0062,0.4163,,0
R0062,0.065,,0
R0062,0.2657,,0
R0063,2.3213,,0
R0063,2.4225,,0
R0063,2.3727,,0
R0063,2.4225,,0
R0063,2.3714,,0
R0063,2.3212,,0
R0063,2.3721,,0
R0063,2.3718,,0
R0063,2.3217,,0
R0064,0.033,,0
R0064,0.5674,,0
R0064,1.2185,,0
R0064,0.005,,0
R0064,0.0651,,0
R0064,0.7184,,0
R0064,0.6175,,0
R0064,0.2159,,0
R0064,0.4165,,0
R0064,0.0653,,0
R0064,0.3162,,0
R0065,2.3215,,0
R0065,2.4221,,0
R0065,2.3223,,0
R0065,2.3719,,0
R0065,2.3718,,0
R0065,2.3211,,0
R0065,2.372,,0
R0065,2.321,,0
R0065,2.372,,0
R0066,180.0,,1
R0066,180.0,,1
R0066,180.0,,1
R0066,180.0,,1
R0066,180.0,,1
R0066,180.0,,1
R0067,0.1661,,0
R0067,3.5244,,0
R0067,8.3859,,0
R0067,0.0047,,0
R0067,0.2663,,0
R0067,4.9284,,0
R0067,3.8765,,0
R0067,1.3187,,0
R0067,2.6717,,0
R0067,0.2156,,0
R0067,1.719,,0
R0068,16.5069,,0
R0068,16.4118,,0
R0068,16.6142,,0
R0068,16.4567,,0
R0068,16.3609,,0
R0068,16.81,,0
R0068,16.7132,,0
R0068,16.5057,,0
R0068,16.759,,0
R0069,120.0,,1
R0069,120.0,,1
R0069,120.0,,1
R0069,120.0,,1
R0069,120.0,,1
R0070,120.0,,1
R0070,120.0,,1
R0070,120.0,,1
R0070,120.0,,1
R0070,120.0,,1
R0071,0.0173,,0
R0071,0.2159,,0
R0071,0.3665,,0
R0071,0.005,,0
R0071,0.0339,,0
R0071,0.2662,,0
R0071,0.2654,,0
R0071,0.1157,,0
R0071,0.1656,,0
R0071,0.033,,0
R0071,0.1656,,0
R0072,0.4666,,0
R0072,0.4167,,0
R0072,0.4165,,0
R0072,0.4164,,0
R0072,0.4167,,0
R0072,0.4165,,0
R0072,0.4166,,0
R0072,0.417,,0
R0072,0.4164,,0
R0073,0.7191,,0
R0073,1.3193,,0
R0073,0.7176,,0
R0073,0.6683,,0
R0073,0.6173,,0
R0074,3.6249,,0
R0074,3.4239,,0
R0074,3.5244,,0
R0074,7.4841,,0
R0074,4.3264,,0
R0075,0.075,,0
R0075,1.0678,,0
R0075,0.5167,,0
R0075,1.1182,,0
R0075,0.0176,,0
R0075,0.0172,,0
R0075,0.3659,,0
R0075,0.009,,0
R0075,1.7696,,0
R0075,1.5197,,0
R0076,12.7513,,0
R0076,8.587,,0
R0076,9.8421,,0
R0076,13.3995,,0
R0076,11.7965,,0
R0076,6.0302,,0
R0076,14.9024,,0
R0076,8.0342,,0
R0076,9.7892,,0
R0076,6.982,,0
R0077,0.0097,,0
R0077,7.2882,,0
R0077,0.5168,,0
R0077,4.3772,,0
R0077,0.0088,,0
R0078,14.2529,,0
R0078,15.4557,,0
R0078,11.8964,,0
R0078,8.8358,,0
R0078,12.2934,,0
R0081,0.0352,,0
R0081,3.1246,,0
R0081,2.2713,,0
R0081,3.8258,,0
R0081,0.0175,,0
R0082,6.9369,,0
R0082,7.031,,0
R0082,18.66,,0
R0082,13.7984,,0
R0082,3.7756,,0
R0083,900.0,,1
R0083,900.0,,1
R0084,900.0,,1
R0084,900.0,,1
R0085,0.0025,,0
R0085,0.065,,0
R0085,0.1155,,0
R0085,0.0651,,0
R0085,0.0027,,0
R0085,0.0023,,0
R0085,0.065,,0
R0085,0.0027,,0
R0085,0.1153,,0
R0085,0.1154,,0
R0086,0.2158,,0
R0086,0.2158,,0
R0086,0.216,,0
R0086,0.2158,,0
R0086,0.2159,,0
R0086,0.2155,,0
R0086,0.2157,,0
R0086,0.2154,,0
R0086,0.2159,,0
R0086,0.2156,,0
R0087,0.0028,,0
R0087,0.0651,,0
R0087,0.1158,,0
R0087,0.0652,,0
R0087,0.0026,,0
R0087,0.0045,,0
R0087,0.065,,0
R0087,0.0026,,0
R0087,0.115,,0
R0087,0.1155,,0
R0088,0.2158,,0
R0088,0.2158,,0
R0088,0.216,,0
R0088,0.2161,,0
R0088,0.2159,,0
R0088,0.2161,,0
R0088,0.216,,0
R0088,0.2157,,0
R0088,0.2161,,0
R0088,0.2157,,0
R0089,27.1423,,0
R0089,15.151,,0
R0089,17.3563,,0
R0089,6.9323,,0
R0090,35.9068,,0
R0090,45.491,,0
R0091,0.0049,,0
R0091,0.2656,,0
R0091,0.5163,,0
R0091,0.2656,,0
R0091,0.0048,,0
R0091,0.0046,,0
R0091,0.2656,,0
R0091,0.0045,,0
R0091,0.4665,,0
R0091,0.5662,,0
R0092,1.1178,,0
R0092,1.1178,,0
R0092,1.1183,,0
R0092,1.1183,,0
R0092,1.118,,0
R0092,1.1176,,0
R0092,1.1173,,0
R0092,1.1176,,0
R0092,1.1177,,0
R0092,1.1173,,0
R0093,2.0699,,0
R0093,60.8705,,0
R0093,70.2923,,0
R0093,6.3312,,0
R0093,14.251,,0
R0094,109.2401,,0
R0094,118.1092,,0
R0095,120.0,,1
R0095,120.0,,1
R0095,120.0,,1
R0096,0.0029,,0
R0096,0.0335,,0
R0096,0.0336,,0
R0096,0.0338,,0
R0096,0.003,,0
R0096,0.0025,,0
R0096,0.0331,,0
R0096,0.0025,,0
R0096,0.0331,,0
R0096,0.0332,,0
R0097,0.0657,,0
R0097,0.0655,,0
R0097,0.0653,,0
R0097,0.0655,,0
R0097,0.0656,,0
R0097,0.0651,,0
R0097,0.0655,,0
R0097,0.0652,,0
R0097,0.0651,,0
R0097,0.0653,,0
R0098,7.2853,,0
R0098,10.0919,,0
R0098,10.9954,,0
R0098,1.7182,,0
R0098,3.7292,,0
R0099,44.0923,,0
R0099,84.7529,,0
R0099,76.022,,0
R0099,51.3521,,0
R0099,48.7131,,0
R0100,7.9857,,0
R0100,17.2571,,0
R0100,44.8832,,0
R0100,0.0092,,0
R0100,0.5664,,0
R0100,10.0913,,0
R0100,36.2547,,0
R0100,2.6213,,0
R0100,37.713,,0
R0100,18.8128,,0
R0101,80.232,,0
R0101,71.2204,,0
R0101,112.3554,,0
R0101,94.0658,,0
R0101,90.3684,,0
R0101,63.4895,,0
R0101,82.2749,,0
R0101,65.08,,0
R0101,84.4426,,0
R0101,74.5517,,0
R0102,50.6441,,0
R0102,22.723,,0
R0102,3.1231,,0
R0102,0.0335,,0
R0102,1.2183,,0
R0103,80.5003,,0
R0103,85.2615,,0
R0103,67.3414,,0
R0103,85.9856,,0
R0103,82.1834,,0
R0106,165.1283,,0
R0106,12.8495,,0
R0106,37.667,,0
R0106,0.0174,,0
R0106,0.4689,,0
R0107,121.9079,,0
R0107,94.4756,,0
R0107,107.3462,,0
R0107,128.9293,,0
R0107,73.6448,,0
R0108,0.8673,,0
R0108,0.1154,,0
R0108,0.467,,0
R0108,0.0047,,0
R0108,0.0046,,0
R0108,1.1185,,0
R0108,0.4167,,0
R0108,0.1156,,0
R0108,0.1663,,0
R0108,0.5674,,0
R0109,2.2718,,0
R0109,2.3214,,0
R0109,2.3214,,0
R0109,2.2727,,0
R0109,2.2725,,0
R0109,2.2726,,0
R0109,2.3726,,0
R0109,2.3713,,0
R0109,2.3718,,0
R0109,2.3215,,0
R0110,0.8671,,0
R0110,0.1159,,0
R0110,0.467,,0
R0110,0.0051,,0
R0110,0.0047,,0
R0110,1.1179,,0
R0110,0.4164,,0
R0110,0.1159,,0
R0110,0.1662,,0
R0110,0.5672,,0
R0111,2.2724,,0
R0111,2.3226,,0
R0111,2.3212,,0
R0111,2.272,,0
R0111,2.2726,,0
R0111,2.2717,,0
R0111,2.3723,,0
R0111,2.3216,,0
R0111,2.322,,0
R0111,2.3224,,0
R0112,30.4951,,0
R0112,47.0332,,0
R0112,54.5106,,0
R0113,180.0,,1
R0113,180.0,,1
R0113,180.0,,1
R0114,6.0307,,0
R0114,0.7675,,0
R0114,3.0227,,0
R0114,0.0048,,0
R0114,0.0047,,0
R0114,8.1855,,0
R0114,2.7736,,0
R0114,0.6174,,0
R0114,0.9181,,0
R0114,3.9254,,0
R0115,16.6591,,0
R0115,16.7097,,0
R0115,16.8623,,0
R0115,16.7581,,0
R0115,16.6625,,0
R0115,17.0643,,0
R0115,16.5055,,0
R0115,16.4588,,0
R0115,16.7584,,0
R0115,16.6597,,0
R0116,81.475,,0
R0117,120.0,,1
R0117,120.0,,1
R0117,120.0,,1
R0117,120.0,,1
R0118,120.0,,1
R0118,120.0,,1
R0118,120.0,,1
R0118,120.0,,1
R0118,120.0,,1
R0119,0.3192,,0
R0119,0.0658,,0
R0119,0.216,,0
R0119,0.0051,,0
R0119,0.0051,,0
R0119,0.3666,,0
R0119,0.2161,,0
R0119,0.0657,,0
R0119,0.0655,,0
R0119,0.2161,,0
R0120,0.3672,,0
R0120,0.417,,0
R0120,0.4169,,0
R0120,0.4166,,0
R0120,0.4176,,0
R0120,0.3672,,0
R0120,0.4167,,0
R0120,0.417,,0
R0120,0.4167,,0
R0120,0.4167,,0
R0121,5.1307,,0
R0121,9.9132,,0
R0121,130.6297,,0
R0121,6.482,,0
R0121,24.4801,,0
R0122,56.7239,,0
R0122,70.2991,,0
R0122,51.0114,,0
R0122,67.7139,,0
R0122,49.8955,,0
R0123,3.425,,0
R0123,25.1354,,0
R0123,39.167,,0
R0123,0.0093,,0
R0123,12.1947,,0
R0123,93.3167,,0
R0123,14.8023,,0
R0123,17.008,,0
R0123,66.6338,,0
R0123,31.7965,,0
R0123,27.2385,,0
R0124,98.3697,,0
R0124,210.4516,,0
R0124,138.673,,0
R0124,110.4533,,0
R0124,92.66,,0
R0124,208.4993,,0
R0124,260.3352,,0
R0125,300.0,,1
R0125,300.0,,1
R0126,66.6694,,0
R0126,39.4698,,0
R0126,17.11,,0
R0126,0.0092,,0
R0126,21.3225,,0
R0127,150.3835,,0
R0127,220.3003,,0
R0127,171.9609,,0
R0127,197.0965,,0
R0127,197.3735,,0
R0130,50.4071,,0
R0130,78.576,,0
R0130,0.0336,,0
R0130,150.174,,0
R0131,111.2324,,0
R0131,87.1532,,0
R0131,184.2183,,0
R0131,136.5165,,0
R0132,300.0,,1
R0133,300.0,,1
R0134,0.0332,,0
R0134,0.567,,0
R0134,1.2192,,0
R0134,0.0194,,0
R0134,0.0658,,0
R0134,0.7171,,0
R0134,0.6168,,0
R0134,0.2167,,0
R0134,0.4169,,0
R0134,0.0652,,0
R0134,0.2658,,0
R0135,2.3205,,0
R0135,2.3714,,0
R0135,2.3719,,0
R0135,2.3719,,0
R0135,2.371,,0
R0135,2.3213,,0
R0135,2.3711,,0
R0135,2.3717,,0
R0135,2.3214,,0
R0136,0.0332,,0
R0136,0.5671,,0
R0136,1.2192,,0
R0136,0.0055,,0
R0136,0.0657,,0
R0136,0.7171,,0
R0136,0.6171,,0
R0136,0.216,,0
R0136,0.4673,,0
R0136,0.0657,,0
R0136,0.266,,0
R0137,2.3218,,0
R0137,2.4218,,0
R0137,2.372,,0
R0137,2.4216,,0
R0137,2.3711,,0
R0137,2.3214,,0
R0137,2.3709,,0
R0137,2.3708,,0
R0137,2.4215,,0
R0138,180.0,,1
R0138,180.0,,1
R0138,180.0,,1
R0138,180.0,,1
R0138,180.0,,1
R0138,180.0,,1
R0139,0.1655,,0
R0139,3.5262,,0
R0139,8.4373,,0
R0139,0.0053,,0
R0139,0.2659,,0
R0139,4.9291,,0
R0139,3.8756,,0
R0139,1.3202,,0
R0139,2.6721,,0
R0139,0.2157,,0
R0139,1.7192,,0
R0140,16.407,,0
R0140,16.5098,,0
R0140,16.5577,,0
R0140,16.4052,,0
R0140,16.3557,,0
R0140,16.7569,,0
R0140,16.6578,,0
R0140,16.5072,,0
R0140,16.6069,,0
R0141,120.0,,1
R0141,120.0,,1
R0141,120.0,,1
R0141,120.0,,1
R0141,120.0,,1
R0142,120.0,,1
R0142,120.0,,1
R0142,120.0,,1
R0142,120.0,,1
R0142,120.0,,1
R0143,0.0176,,0
R0143,0.2163,,0
R0143,0.394,,0
R0143,0.0056,,0
R0143,0.0341,,0
R0143,0.2671,,0
R0143,0.2663,,0
R0143,0.1155,,0
R0143,0.1659,,0
R0143,0.0329,,0
R0143,0.1154,,0
R0144,0.4164,,0
R0144,0.4164,,0
R0144,0.4168,,0
R0144,0.4667,,0
R0144,0.4164,,0
R0144,0.4164,,0
R0144,0.4165,,0
R0144,0.4168,,0
R0144,0.4166,,0
R0145,49.2118,,0
R0147,0.0433,,0
R0148,0.0404,,0
R0149,0.0222,,0
R0150,0.0154,,0
R0151,0.028,,0
R0152,0.0263,,0
R0153,0.039,,0
R0154,0.0395,,0
R0155,0.0792,,0
R0156,0.1015,,0
R0157,1.0762,,0
R0158,0.9739,,0
R0159,2.4615,,0
R0160,2.0463,,0
R0161,3.9479,,0
R0162,4.5652,,0
R0163,7.7135,,0
R0164,7.642,,0
R0165,16.3624,,0
R0166,16.2279,,0
R0167,48.9866,,0
R0168,50.4586,,0
R0169,112.2086,,0
R0170,115.5653,,0
R0171,0.2765,,0
R0172,0.1651,,0
R0173,2.0079,,0
R0174,1.5654,,0
R0175,180.1,,1
R0176,180.1,,1
R0178,20.2608,,0
R0179,10.7931,,0
R0180,180.2,,1
R0181,180.1,,1
R0182,0.13510322570800778,,0
R0182,0.06845474243164062,,0
R0182,0.0541667938232422,,0
R0182,0.07922744750976561,,0
R0182,0.23678588867187486,,0
R0182,0.256246566772461,,0
R0182,0.10460662841796875,,0
R0182,0.16826343536376956,,0
R0182,0.09450244903564452,,0
R0182,0.0695934295654297,,0
R0182,0.02051353454589844,,0
R0182,0.09246730804443357,,0
R0182,0.02449035644531251,,0
R0182,0.019945144653320316,,0
R0182,0.020023345947265615,,0
R0182,0.046655654907226556,,0
R0182,0.02456855773925781,,0
R0182,0.11182022094726568,,0
R0182,0.08365631103515624,,0
R0182,0.05651855468749997,,0
R0182,0.04327011108398439,,0
R0182,0.058433532714843764,,0
R0182,0.06701660156250001,,0
R0182,0.12697601318359372,,0
R0183,0.051568984985351556,,0
R0183,0.02086257934570312,,0
R0183,0.043201446533203125,,0
R0183,0.02094650268554689,,0
R0183,0.02050590515136718,,0
R0183,0.0217132568359375,,0
R0183,0.02217674255371094,,0
R0183,0.09792137145996091,,0
R0183,0.1292209625244141,,0
R0183,0.07119369506835939,,0
R0183,0.04069519042968748,,0
R0183,0.08819961547851561,,0
R0183,0.032316207885742194,,0
R0183,0.07632827758789064,,0
R0183,0.11975193023681643,,0
R0183,0.06916046142578125,,0
R0183,0.06763935089111327,,0
R0183,0.022632598876953132,,0
R0183,0.09917449951171878,,0
R0183,0.05665588378906248,,0
R0183,0.10080337524414061,,0
R0183,0.07544898986816406,,0
R0183,0.1201353073120117,,0
R0183,0.09709167480468751,,0
R0184,0.2833576202392578,,0
R0184,0.5706176757812499,,0
R0184,0.3051147460937499,,0
R0184,0.6009502410888672,,0
R0184,0.36881637573242193,,0
R0184,0.5326881408691407,,0
R0184,0.27402877807617193,,0
R0184,0.3970108032226563,,0
R0184,0.22796630859374997,,0
R0184,0.4548950195312499,,0
R0184,0.07177734374999996,,0
R0184,0.24811172485351554,,0
R0184,0.2772483825683593,,0
R0184,0.23289871215820307,,0
R0184,0.04929733276367187,,0
R0184,0.0942115783691406,,0
R0184,0.3660125732421875,,0
R0184,0.2261734008789062,,0
R0184,0.42257308959960926,,0
R0184,0.38605117797851574,,0
R0184,0.2081031799316406,,0
R0184,0.1738815307617187,,0
R0184,0.22686767578124994,,0
R0184,0.4736671447753906,,0
R0185,0.6612091064453125,,0
R0185,0.7443084716796875,,0
R0185,0.5161018371582032,,0
R0185,1.108512878417969,,0
R0185,0.68603515625,,0
R0185,0.2840347290039062,,0
R0185,0.2120895385742188,,0
R0185,0.14310455322265628,,0
R0185,1.180644989013672,,0
R0185,0.5153656005859376,,0
R0185,0.7974853515625002,,0
R0185,0.8568801879882814,,0
R0185,0.1867141723632813,,0
R0185,0.8213500976562497,,0
R0185,1.437599182128906,,0
R0185,0.7480163574218753,,0
R0185,0.47747802734374994,,0
R0185,1.0648956298828127,,0
R0185,0.2556076049804687,,0
R0185,0.23125076293945307,,0
R0185,0.23602294921875008,,0
R0185,0.7261924743652343,,0
R0185,0.1346817016601563,,0
R0185,0.9786415100097656,,0
R0186,1.2002906799316406,,0
R0186,1.3327560424804688,,0
R0186,0.50970458984375,,0
R0186,1.1328582763671877,,0
R0186,0.5669097900390624,,0
R0186,1.3484458923339844,,0
R0186,0.8256378173828126,,0
R0186,1.1899032592773435,,0
R0186,1.3037490844726562,,0
R0186,0.3952636718750002,,0
R0186,0.6515960693359376,,0
R0186,0.3386993408203126,,0
R0186,0.5828399658203124,,0
R0186,0.9381256103515626,,0
R0186,0.9618377685546874,,0
R0186,0.5045928955078125,,0
R0186,0.913726806640625,,0
R0186,1.2055206298828125,,0
R0186,0.978321075439453,,0
R0186,1.3052597045898435,,0
R0186,1.4999694824218752,,0
R0186,0.8743286132812498,,0
R0186,0.3868255615234377,,0
R0186,1.2183227539062502,,0
R0187,2.569915771484375,,0
R0187,4.739463806152344,,0
R0187,1.7552566528320308,,0
R0187,1.069183349609375,,0
R0187,5.058715820312502,,0
R0187,1.2273864746093748,,0
R0187,1.4484481811523438,,0
R0187,1.6589050292968748,,0
R0187,4.379302978515625,,0
R0187,4.579559326171875,,0
R0187,6.335014343261719,,0
R0187,3.2397766113281246,,0
R0187,0.7099151611328125,,0
R0187,2.2426223754882817,,0
R0187,1.90667724609375,,0
R0187,3.7901763916015634,,0
R0187,1.5482788085937498,,0
R0187,1.9038391113281254,,0
R0187,4.2332763671875,,0
R0187,3.0727005004882812,,0
R0187,1.438720703125,,0
R0187,1.3898010253906254,,0
R0187,1.5221862792968754,,0
R0187,5.524375915527344,,0
R0188,10.807785034179688,,0
R0188,10.365356445312498,,0
R0188,15.57940673828125,,0
R0188,10.52912902832031,,0
R0188,13.434326171875004,,0
R0188,4.659118652343749,,0
R0188,20.234252929687504,,0
R0188,21.82902526855469,,0
R0188,10.687744140625002,,0
R0188,7.293945312499999,,0
R0188,7.247314453125002,,0
R0188,10.520507812499998,,0
R0188,13.041145324707033,,0
R0188,7.98040771484375,,0
R0188,14.93126678466797,,0
R0188,9.504638671875,,0
R0188,5.08642578125,,0
R0188,6.389221191406251,,0
R0188,10.954223632812504,,0
R0188,4.702697753906249,,0
R0188,5.319763183593748,,0
R0188,9.265380859375,,0
R0188,4.3329010009765625,,0
R0188,8.576354980468752,,0
R0189,8.562652587890625,,0
R0189,7.927688598632811,,0
R0189,4.569274902343751,,0
R0189,4.374603271484375,,0
R0189,5.798889160156252,,0
R0189,1.9525146484375007,,0
R0189,3.739318847656249,,0
R0189,4.60595703125,,0
R0189,10.789581298828123,,0
R0189,3.8006439208984375,,0
R0189,5.674560546875001,,0
R0189,12.807189941406252,,0
R0189,15.62396240234375,,0
R0189,2.4684143066406246,,0
R0189,6.361572265624999,,0
R0189,16.235000610351555,,0
R0189,2.2995300292968746,,0
R0189,7.444976806640625,,0
R0189,3.3934936523437496,,0
R0189,8.65486145019531,,0
R0189,4.642028808593748,,0
R0189,5.982238769531249,,0
R0189,7.028594970703127,,0
R0189,8.412963867187498,,0
R0190,25.179336547851566,,0
R0190,20.295364379882816,,0
R0190,27.722290039062496,,0
R0190,9.0064697265625,,0
R0190,49.74441528320313,,0
R0190,36.0499267578125,,0
R0190,54.72491455078125,,0
R0190,26.739013671874993,,0
R0190,34.300094604492195,,0
R0190,29.026855468749996,,0
R0190,41.33056640624999,,0
R0190,33.71875000000001,,0
R0190,39.25805664062499,,0
R0190,13.792358398437504,,0
R0190,37.548233032226555,,0
R0190,13.268432617187498,,0
R0190,32.826171875,,0
R0190,34.29431152343751,,0
R0190,37.152786254882805,,0
R0190,43.23898315429689,,0
R0190,26.886108398437496,,0
R0190,70.6049499511719,,0
R0190,17.5999755859375,,0
R0190,47.53100585937501,,0
R0191,0.10981369018554686,,0
R0191,0.08396530151367186,,0
R0191,0.03818702697753905,,0
R0191,0.08185100555419925,,0
R0191,0.08043289184570314,,0
R0191,0.1758365631103515,,0
R0191,0.1759834289550781,,0
R0191,0.12072563171386719,,0
R0191,0.07363891601562501,,0
R0191,0.04568099975585938,,0
R0191,0.02031326293945312,,0
R0191,0.048923492431640625,,0
R0191,0.025964736938476552,,0
R0191,0.049318313598632826,,0
R0191,0.02424049377441405,,0
R0191,0.03903961181640623,,0
R0191,0.0269031524658203,,0
R0191,0.1160163879394531,,0
R0191,0.10921478271484371,,0
R0191,0.02652931213378905,,0
R0191,0.11736106872558595,,0
R0191,0.021991729736328135,,0
R0191,0.018049240112304694,,0
R0191,0.0660419464111328,,0
R0192,0.16032600402832028,,0
R0192,0.020856857299804694,,0
R0192,0.032478332519531264,,0
R0192,0.039312362670898444,,0
R0192,0.05830860137939452,,0
R0192,0.02845764160156251,,0
R0192,0.015695571899414073,,0
R0192,0.06742095947265625,,0
R0192,0.17676353454589844,,0
R0192,0.12202453613281249,,0
R0192,0.04460906982421878,,0
R0192,0.0990486145019531,,0
R0192,0.04387092590332033,,0
R0192,0.06750297546386719,,0
R0192,0.06997966766357423,,0
R0192,0.05540657043457032,,0
R0192,0.07305908203125,,0
R0192,0.0231456756591797,,0
R0192,0.12679290771484372,,0
R0192,0.05481719970703128,,0
R0192,0.04854011535644531,,0
R0192,0.09727096557617188,,0
R0192,0.055736541748046875,,0
R0192,0.05406379699707034,,0
R0193,0.2420463562011718,,0
R0193,0.4665069580078128,,0
R0193,0.4799041748046874,,0
R0193,0.3624649047851563,,0
R0193,0.500720977783203,,0
R0193,0.15460968017578125,,0
R0193,0.4260139465332031,,0
R0193,0.3862667083740235,,0
R0193,0.3384971618652343,,0
R0193,0.2108993530273437,,0
R0193,0.06505584716796876,,0
R0193,0.2468490600585938,,0
R0193,0.25811767578125,,0
R0193,0.2264633178710938,,0
R0193,0.05107498168945311,,0
R0193,0.13086318969726565,,0
R0193,0.15987396240234372,,0
R0193,0.2646751403808594,,0
R0193,0.3962860107421874,,0
R0193,0.36017608642578125,,0
R0193,0.16794967651367193,,0
R0193,0.13598632812499997,,0
R0193,0.23825454711914068,,0
R0193,0.3699493408203125,,0
R0194,0.7174072265624999,,0
R0194,0.980857849121094,,0
R0194,0.40881347656249994,,0
R0194,1.2915420532226565,,0
R0194,0.8021659851074221,,0
R0194,0.2646408081054687,,0
R0194,0.1273574829101562,,0
R0194,0.16838073730468742,,0
R0194,0.9703483581542968,,0
R0194,0.5138206481933595,,0
R0194,0.6220474243164065,,0
R0194,0.6810798645019532,,0
R0194,0.2518386840820313,,0
R0194,0.9375076293945311,,0
R0194,1.0252761840820312,,0
R0194,0.8385543823242188,,0
R0194,0.5687103271484376,,0
R0194,1.2141952514648438,,0
R0194,0.2554855346679687,,0
R0194,0.2286376953125,,0
R0194,0.15077972412109375,,0
R0194,0.8069877624511718,,0
R0194,0.14585876464843744,,0
R0194,0.8480834960937501,,0
R0195,0.8719558715820315,,0
R0195,0.9257431030273439,,0
R0195,0.42990112304687517,,0
R0195,1.642547607421875,,0
R0195,0.7342071533203125,,0
R0195,1.1245574951171875,,0
R0195,0.6757202148437501,,0
R0195,0.8459930419921876,,0
R0195,1.1617851257324217,,0
R0195,0.30250549316406244,,0
R0195,0.35591125488281233,,0
R0195,0.43681335449218733,,0
R0195,0.7124633789062499,,0
R0195,0.8409423828125002,,0
R0195,0.7956352233886717,,0
R0195,0.53619384765625,,0
R0195,0.9509162902832033,,0
R0195,1.148162841796875,,0
R0195,0.8791198730468752,,0
R0195,0.9572105407714845,,0
R0195,1.0911979675292969,,0
R0195,0.5838699340820314,,0
R0195,0.37324523925781244,,0
R0195,1.039203643798828,,0
R0196,0.9924926757812498,,0
R0196,2.593887329101562,,0
R0196,0.9345397949218746,,0
R0196,1.793121337890625,,0
R0196,3.9455642700195326,,0
R0196,1.3889465332031252,,0
R0196,1.301185607910156,,0
R0196,1.9898681640625,,0
R0196,2.9729003906249996,,0
R0196,2.3251342773437504,,0
R0196,4.6412353515625,,0
R0196,2.2545928955078125,,0
R0196,0.620391845703125,,0
R0196,2.23004150390625,,0
R0196,1.245849609375,,0
R0196,3.0032424926757804,,0
R0196,1.8858337402343748,,0
R0196,1.151519775390625,,0
R0196,4.266784667968749,,0
R0196,1.3053359985351562,,0
R0196,1.316192626953125,,0
R0196,1.3333740234374998,,0
R0196,0.8331604003906252,,0
R0196,3.4864120483398438,,0
R0197,7.6888580322265625,,0
R0197,7.866088867187499,,0
R0197,10.958724975585938,,0
R0197,9.040260314941406,,0
R0197,7.300354003906252,,0
R0197,4.146850585937501,,0
R0197,16.105224609374996,,0
R0197,19.29090881347657,,0
R0197,11.06373596191406,,0
R0197,2.630859375,,0
R0197,4.13177490234375,,0
R0197,11.109375,,0
R0197,10.531738281250002,,0
R0197,5.61127471923828,,0
R0197,15.268249511718752,,0
R0197,11.903076171875004,,0
R0197,3.486022949218749,,0
R0197,7.20513916015625,,0
R0197,12.63922119140625,,0
R0197,4.551696777343751,,0
R0197,4.372619628906248,,0
R0197,11.063262939453127,,0
R0197,4.352630615234375,,0
R0197,7.722595214843749,,0
R0198,9.678009033203127,,0
R0198,7.141052246093748,,0
R0198,2.98382568359375,,0
R0198,4.222320556640625,,0
R0198,5.43255615234375,,0
R0198,1.7353668212890623,,0
R0198,3.269836425781251,,0
R0198,3.3192749023437496,,0
R0198,7.322235107421874,,0
R0198,5.538787841796874,,0
R0198,4.748291015624999,,0
R0198,9.841613769531248,,0
R0198,11.31884765625,,0
R0198,2.336822509765625,,0
R0198,4.615798950195313,,0
R0198,12.18792724609375,,0
R0198,1.539901733398438,,0
R0198,6.476531982421874,,0
R0198,6.8875274658203125,,0
R0198,7.308532714843748,,0
R0198,5.353408813476562,,0
R0198,4.585388183593751,,0
R0198,4.939971923828126,,0
R0198,12.47735595703125,,0
R0199,23.172607421874996,,0
R0199,19.7183837890625,,0
R0199,30.409851074218764,,0
R0199,8.723876953125002,,0
R0199,37.87841796874999,,0
R0199,23.7711181640625,,0
R0199,39.052551269531264,,0
R0199,23.094161987304677,,0
R0199,40.398208618164055,,0
R0199,31.669677734374993,,0
R0199,65.2308349609375,,0
R0199,36.94958496093751,,0
R0199,38.46508789062499,,0
R0199,15.605361938476564,,0
R0199,32.975357055664055,,0
R0199,13.073852539062504,,0
R0199,34.04646301269531,,0
R0199,39.91168212890625,,0
R0199,37.35704040527342,,0
R0199,35.81799316406251,,0
R0199,17.1795654296875,,0
R0199,44.41770935058595,,0
R0199,10.583740234374998,,0
R0199,41.6727294921875,,0
R0200,0.016070127487182617,,0
R0200,0.015438556671142578,,0
R0200,0.00754857063293457,,0
R0200,0.006128072738647461,,0
R0200,0.009369134902954102,,0
R0200,0.009242773056030273,,0
R0200,0.007279872894287109,,0
R0200,0.009533882141113281,,0
R0200,0.012261152267456055,,0
R0200,0.01110982894897461,,0
R0200,0.012945890426635742,,0
R0200,0.007700920104980469,,0
R0200,0.007393836975097656,,0
R0200,0.0076520442962646484,,0
R0200,0.0071697235107421875,,0
R0200,0.008859872817993164,,0
R0200,0.012848138809204102,,0
R0200,0.006078958511352539,,0
R0200,0.008841991424560547,,0
R0200,0.008735895156860352,,0
R0200,0.009315252304077148,,0
R0200,0.012755155563354492,,0
R0200,0.011717796325683594,,0
R0200,0.008689165115356445,,0
R0201,0.07362103462219238,,0
R0201,0.03630208969116211,,0
R0201,0.03623390197753906,,0
R0201,0.04544377326965332,,0
R0201,0.04068708419799805,,0
R0201,0.04439806938171387,,0
R0201,0.04700303077697754,,0
R0201,0.08068704605102539,,0
R0201,0.0629129409790039,,0
R0201,0.06989383697509766,,0
R0201,0.05891704559326172,,0
R0201,0.062455177307128906,,0
R0201,0.06012296676635742,,0
R0201,0.06541323661804199,,0
R0201,0.061003923416137695,,0
R0201,0.05776715278625488,,0
R0201,0.06622004508972168,,0
R0201,0.05786705017089844,,0
R0201,0.06123185157775879,,0
R0201,0.05477595329284668,,0
R0201,0.06284379959106445,,0
R0201,0.05679583549499512,,0
R0201,0.0524752140045166,,0
R0201,0.05012392997741699,,0
R0202,0.2676103115081787,,0
R0202,0.24188709259033203,,0
R0202,0.26462292671203613,,0
R0202,0.3129398822784424,,0
R0202,0.23667311668395996,,0
R0202,0.25459885597229004,,0
R0202,0.2420339584350586,,0
R0202,0.24102139472961426,,0
R0202,0.25364065170288086,,0
R0202,0.27250027656555176,,0
R0202,0.2587857246398926,,0
R0202,0.17584800720214844,,0
R0202,0.17332029342651367,,0
R0202,0.2884519100189209,,0
R0202,0.2981889247894287,,0
R0202,0.33765387535095215,,0
R0202,0.18641400337219238,,0
R0202,0.2281022071838379,,0
R0202,0.3130180835723877,,0
R0202,0.3042759895324707,,0
R0202,0.22771096229553223,,0
R0202,0.23508405685424805,,0
R0202,0.24058914184570312,,0
R0202,0.2913939952850342,,0
R0203,1.8159527778625488,,0
R0203,1.4685969352722168,,0
R0203,1.3597064018249512,,0
R0203,1.4231998920440674,,0
R0203,1.3830819129943848,,0
R0203,1.2327890396118164,,0
R0203,1.209995985031128,,0
R0203,1.1800439357757568,,0
R0203,1.0742998123168945,,0
R0203,1.1614902019500732,,0
R0203,1.1120216846466064,,0
R0203,1.2246122360229492,,0
R0203,1.1226868629455566,,0
R0203,1.220607042312622,,0
R0203,1.1431448459625244,,0
R0203,1.257323980331421,,0
R0203,1.048011064529419,,0
R0203,1.1393349170684814,,0
R0203,1.0319671630859375,,0
R0203,1.0486500263214111,,0
R0203,0.9825458526611328,,0
R0203,1.0374600887298584,,0
R0203,1.1825990676879883,,0
R0203,1.1697819232940674,,0
R0204,5.404999017715454,,0
R0204,5.958509206771851,,0
R0204,6.586582899093628,,0
R0204,6.294058322906494,,0
R0204,6.350114107131958,,0
R0204,6.176076173782349,,0
R0204,6.0763750076293945,,0
R0204,6.300642013549805,,0
R0204,6.578593015670776,,0
R0204,6.35410213470459,,0
R0204,6.384632110595703,,0
R0204,6.468930721282959,,0
R0204,6.601689100265503,,0
R0204,6.673048973083496,,0
R0204,6.4600090980529785,,0
R0204,5.543946027755737,,0
R0204,5.150832891464233,,0
R0204,5.145584344863892,,0
R0204,4.883271932601929,,0
R0204,4.798184871673584,,0
R0204,5.061509847640991,,0
R0204,5.880356073379517,,0
R0204,6.2627482414245605,,0
R0204,6.445096254348755,,0
R0205,28.17912220954895,,0
R0205,26.606282234191895,,0
R0205,90.0,,1
R0205,90.0,,1
R0205,90.0,,1
R0205,90.0,,1
R0205,90.0,,1
R0205,90.0,,1
R0205,90.0,,1
R0205,90.0,,1
R0205,90.0,,1
R0205,90.0,,1
R0205,90.0,,1
R0205,90.0,,1
R0205,90.0,,1
R0205,90.0,,1
R0205,90.0,,1
R0205,90.0,,1
R0206,0.02,,0
R0207,0.02,,0
R0208,30.3,,0
R0209,33.3,,0
R0210,122.09,,1
R0213,0.95,,0
R0214,1.46,,0
R0215,240.0,,1
R0216,240.0,,1
R0217,240.0,,1
R0218,13.08,,0
R0219,20.96,,0
R0220,153.16,,1
R0221,301.79999999999995,,1
R0222,86.0,,0
R0223,5.4,,0
R0223,6.4,,0
R0223,7.0,,0
R0223,7.3,,0
R0223,23.7,,0
R0223,6.2,,0
R0223,24.0,,0
R0223,19.3,,0
R0223,0.2,,0
R0224,160.1,,0
R0224,6.3,,0
R0224,6.3,,0
R0224,23.1,,0
R0225,173.9,,1
R0226,684.9,,0
R0227,0.1,,0
R0227,0.1,,0
R0227,0.1,,0
R0227,0.1,,0
R0227,0.1,,0
R0227,0.1,,0
R0227,0.1,,0
R0227,0.1,,0
R0227,0.1,,0
R0227,0.1,,0
R0228,0.1,,0
R0228,0.1,,0
R0228,0.1,,0
R0228,0.1,,0
R0228,0.1,,0
R0228,0.1,,0
R0228,0.1,,0
R0228,0.1,,0
R0228,0.1,,0
R0228,0.1,,0
R0229,54.5,,0
R0229,55.4,,0
R0229,53.1,,0
R0229,52.9,,0
R0229,52.8,,0
R0230,50.0,,0
R0231,51.1,,0
R0232,3600.2,,1
R0233,825.9,,0
R0234,906.1,,0
R0235,6.8072850704193115,,0
R0236,210.16109204292297,,1
R0237,63.32411980628967,,0
R0238,58.33764171600342,,0
R0239,271.1440603733063,,1
