n,m,baseline_bits,min_store_bits,d,s,total_bits,rc_bits,la_bits,margin_bits,store_excess_bits,log2_lambda,log2_full_oracle_calls,oracle_time_bits,tied_cells
97,2,48.325379,,,,,,,,,,,,
97,3,48.325379,,,,,,,,,,,,
97,4,48.325379,,,,,,,,,,,,
97,5,48.325379,,,,,,,,,,,,
97,6,48.325379,,,,,,,,,,,,
97,7,48.325379,,,,,,,,,,,,
97,8,48.325379,88,22,4,46.157347,45.299208,45.000000,2.168032,39.674621,63.7008,-42.7008,88,d22s4
97,9,48.325379,92,23,4,47.556865,45.469133,47.169925,0.768513,43.674621,91.5309,-69.5309,115,d23s4
97,10,48.325379,90,18,5,45.795126,45.791061,37.321928,2.530252,41.674621,61.2089,-44.2089,90,d18s5
97,11,48.325379,95,19,5,45.276315,45.250493,39.459432,3.049063,46.674621,86.7495,-68.7495,114,d19s5
97,12,48.325379,96,16,6,44.836047,44.835455,33.584963,3.489331,47.674621,66.1645,-51.1645,96,d16s6
97,13,48.325379,102,17,6,43.542198,43.535895,35.700440,4.783181,53.674621,91.4641,-75.4641,119,d17s6
97,14,48.325379,102,17,6,47.343736,47.343250,35.807355,0.981643,53.674621,104.6568,-88.6568,136,d17s6
97,15,48.325379,105,15,7,46.250210,46.250140,31.906891,2.075169,56.674621,87.7499,-73.7499,120,d15s7
97,16,48.325379,112,14,8,42.250437,42.250140,30.000000,6.074942,63.674621,82.7499,-69.7499,112,d14s8;d16s7
109,2,54.325379,,,,,,,,,,,,
109,3,54.325379,,,,,,,,,,,,
109,4,54.325379,,,,,,,,,,,,
109,5,54.325379,,,,,,,,,,,,
109,6,54.325379,,,,,,,,,,,,
109,7,54.325379,,,,,,,,,,,,
109,8,54.325379,92,23,4,54.308339,54.299208,47.000000,0.017040,37.674621,59.7008,-37.7008,92,d23s4
109,9,54.325379,100,25,4,52.327272,51.469133,51.169925,1.998107,45.674621,97.5309,-73.5309,125,d25s4
109,10,54.325379,95,19,5,53.791125,53.791061,39.321928,0.534254,40.674621,59.2089,-41.2089,95,d19s5
109,11,54.325379,100,20,5,53.250900,53.250493,41.459432,1.074479,45.674621,85.7495,-66.7495,120,d20s5
109,12,54.325379,102,17,6,51.835474,51.835455,35.584963,2.489905,47.674621,66.1645,-50.1645,102,d17s6
109,13,54.325379,108,18,6,50.536092,50.535895,37.700440,3.789286,53.674621,92.4641,-75.4641,126,d18s6
109,14,54.325379,112,16,7,48.343311,48.343250,33.807355,5.982068,57.674621,78.6568,-63.6568,112,d16s7
109,15,54.325379,112,16,7,52.250145,52.250140,33.906891,2.075234,57.674621,90.7499,-75.7499,128,d16s7
109,16,54.325379,112,14,8,54.250141,54.250140,30.000000,0.075238,57.674621,70.7499,-57.7499,112,d14s8
131,2,64.325379,,,,,,,,,,,,
131,3,64.325379,,,,,,,,,,,,
131,4,64.325379,,,,,,,,,,,,
131,5,64.325379,,,,,,,,,,,,
131,6,64.325379,,,,,,,,,,,,
131,7,64.325379,,,,,,,,,,,,
131,8,64.325379,108,27,4,62.308339,62.299208,55.000000,2.017040,43.674621,71.7008,-45.7008,108,d27s4
131,9,64.325379,112,28,4,62.505315,62.469133,57.169925,1.820063,47.674621,104.5309,-77.5309,140,d28s4
131,10,64.325379,110,22,5,61.791077,61.791061,45.321928,2.534302,45.674621,69.2089,-48.2089,110,d22s5
131,11,64.325379,115,23,5,61.250595,61.250493,47.459432,3.074784,50.674621,98.7495,-76.7495,138,d23s5
131,12,64.325379,114,19,6,61.835456,61.835455,39.584963,2.489923,49.674621,70.1645,-52.1645,114,d19s6
131,13,64.325379,120,20,6,60.535898,60.535895,41.700440,3.789481,55.674621,98.4641,-79.4641,140,d20s6
131,14,64.325379,119,17,7,62.343250,62.343250,35.807355,1.982129,54.674621,72.6568,-56.6568,119,d17s7
131,15,64.325379,126,18,7,60.250141,60.250140,37.906891,4.075238,61.674621,100.7499,-83.7499,144,d18s7;d21s6
131,16,64.325379,126,18,7,64.250140,64.250140,38.000000,0.075238,61.674621,114.7499,-97.7499,162,d18s7
163,2,81.325379,,,,,,,,,,,,
163,3,81.325379,,,,,,,,,,,,
163,4,81.325379,,,,,,,,,,,,
163,5,81.325379,,,,,,,,,,,,
163,6,81.325379,,,,,,,,,,,,
163,7,81.325379,,,,,,,,,,,,
163,8,81.325379,128,32,4,81.299226,81.299208,65.000000,0.026153,46.674621,77.7008,-46.7008,128,d32s4
163,9,81.325379,136,34,4,78.471421,78.469133,69.169925,2.853957,54.674621,124.5309,-91.5309,170,d34s4
163,10,81.325379,130,26,5,79.791061,79.791061,53.321928,1.534317,48.674621,75.2089,-50.2089,130,d26s5
163,11,81.325379,135,27,5,79.250493,79.250493,55.459432,2.074886,53.674621,108.7495,-82.7495,162,d27s5
163,12,81.325379,132,22,6,80.835455,80.835455,45.584963,0.489923,50.674621,72.1645,-51.1645,132,d22s6
163,13,81.325379,138,23,6,79.535895,79.535895,47.700440,1.789484,56.674621,103.4641,-81.4641,161,d23s6
163,14,81.325379,140,20,7,78.343250,78.343250,41.807355,2.982129,58.674621,80.6568,-61.6568,140,d20s7
163,15,81.325379,147,21,7,76.250140,76.250140,43.906891,5.075238,65.674621,111.7499,-91.7499,168,d21s7
163,16,81.325379,144,18,8,80.250140,80.250140,38.000000,1.075238,62.674621,80.7499,-63.7499,144,d18s8
191,2,95.325379,,,,,,,,,,,,
191,3,95.325379,,,,,,,,,,,,
191,4,95.325379,,,,,,,,,,,,
191,5,95.325379,,,,,,,,,,,,
191,6,95.325379,,,,,,,,,,,,
191,7,95.325379,,,,,,,,,,,,
191,8,95.325379,148,37,4,94.299210,94.299208,75.000000,1.026168,52.674621,89.7008,-53.7008,148,d37s4
191,9,95.325379,152,38,4,94.469142,94.469133,77.169925,0.856237,56.674621,132.5309,-95.5309,190,d38s4
191,10,95.325379,150,30,5,91.791061,91.791061,61.321928,3.534317,54.674621,87.2089,-58.2089,150,d30s5
191,11,95.325379,150,30,5,95.250493,95.250493,61.459432,0.074886,54.674621,113.7495,-84.7495,180,d30s5
191,12,95.325379,150,25,6,93.835455,93.835455,51.584963,1.489923,54.674621,80.1645,-56.1645,150,d25s6
191,13,95.325379,156,26,6,92.535895,92.535895,53.700440,2.789484,60.674621,114.4641,-89.4641,182,d26s6
191,14,95.325379,154,22,7,94.343250,94.343250,45.807355,0.982129,58.674621,80.6568,-59.6568,154,d22s7
191,15,95.325379,161,23,7,92.250140,92.250140,47.906891,3.075238,65.674621,113.7499,-91.7499,184,d23s7
191,16,95.325379,160,20,8,94.250140,94.250140,42.000000,1.075238,64.674621,84.7499,-65.7499,160,d20s8
233,2,116.325379,,,,,,,,,,,,
233,3,116.325379,,,,,,,,,,,,
233,4,116.325379,,,,,,,,,,,,
233,5,116.325379,,,,,,,,,,,,
233,6,116.325379,,,,,,,,,,,,
233,7,116.325379,,,,,,,,,,,,
233,8,116.325379,176,44,4,115.299208,115.299208,89.000000,1.026171,59.674621,103.7008,-60.7008,176,d44s4
233,9,116.325379,180,45,4,115.469133,115.469133,91.169925,0.856246,63.674621,153.5309,-109.5309,225,d45s4
233,10,116.325379,175,35,5,113.791061,113.791061,71.321928,2.534317,58.674621,95.2089,-61.2089,175,d35s5
233,11,116.325379,180,36,5,113.250493,113.250493,73.459432,3.074886,63.674621,137.7495,-102.7495,216,d36s5
233,12,116.325379,174,29,6,115.835455,115.835455,59.584963,0.489923,57.674621,86.1645,-58.1645,174,d29s6
233,13,116.325379,180,30,6,114.535895,114.535895,61.700440,1.789484,63.674621,124.4641,-95.4641,210,d30s6
233,14,116.325379,182,26,7,112.343250,112.343250,53.807355,3.982129,65.674621,94.6568,-69.6568,182,d26s7
233,15,116.325379,182,26,7,116.250140,116.250140,53.906891,0.075238,65.674621,116.7499,-91.7499,208,d26s7
233,16,116.325379,184,23,8,115.250140,115.250140,48.000000,1.075238,67.674621,90.7499,-68.7499,184,d23s8
239,2,119.325379,,,,,,,,,,,,
239,3,119.325379,,,,,,,,,,,,
239,4,119.325379,,,,,,,,,,,,
239,5,119.325379,,,,,,,,,,,,
239,6,119.325379,,,,,,,,,,,,
239,7,119.325379,,,,,,,,,,,,
239,8,119.325379,180,45,4,118.299208,118.299208,91.000000,1.026171,60.674621,105.7008,-61.7008,180,d45s4
239,9,119.325379,184,46,4,118.469133,118.469133,93.169925,0.856246,64.674621,156.5309,-111.5309,230,d46s4
239,10,119.325379,180,36,5,115.791061,115.791061,73.321928,3.534317,60.674621,99.2089,-64.2089,180,d36s5
239,11,119.325379,180,36,5,119.250493,119.250493,73.459432,0.074886,60.674621,131.7495,-96.7495,216,d36s5
239,12,119.325379,180,30,6,116.835455,116.835455,61.584963,2.489923,60.674621,92.1645,-63.1645,180,d30s6
239,13,119.325379,186,31,6,115.535895,115.535895,63.700440,3.789484,66.674621,131.4641,-101.4641,217,d31s6
239,14,119.325379,182,26,7,118.343250,118.343250,53.807355,0.982129,62.674621,88.6568,-63.6568,182,d26s7
239,15,119.325379,189,27,7,116.250140,116.250140,55.906891,3.075238,69.674621,125.7499,-99.7499,216,d27s7
239,16,119.325379,192,24,8,114.250140,114.250140,50.000000,5.075238,72.674621,100.7499,-77.7499,192,d24s8
283,2,141.325379,,,,,,,,,,,,
283,3,141.325379,,,,,,,,,,,,
283,4,141.325379,,,,,,,,,,,,
283,5,141.325379,,,,,,,,,,,,
283,6,141.325379,,,,,,,,,,,,
283,7,141.325379,,,,,,,,,,,,
283,8,141.325379,208,52,4,141.299208,141.299208,105.000000,0.026171,66.674621,117.7008,-66.7008,208,d52s4
283,9,141.325379,216,54,4,138.469133,138.469133,109.169925,2.856246,74.674621,184.5309,-131.5309,270,d54s4
283,10,141.325379,205,41,5,139.791061,139.791061,83.321928,1.534317,63.674621,105.2089,-65.2089,205,d41s5
283,11,141.325379,210,42,5,139.250493,139.250493,85.459432,2.074886,68.674621,153.7495,-112.7495,252,d42s5
283,12,141.325379,204,34,6,140.835455,140.835455,69.584963,0.489923,62.674621,96.1645,-63.1645,204,d34s6
283,13,141.325379,210,35,6,139.535895,139.535895,71.700440,1.789484,68.674621,139.4641,-105.4641,245,d35s6
283,14,141.325379,210,30,7,138.343250,138.343250,61.807355,2.982129,68.674621,100.6568,-71.6568,210,d30s7
283,15,141.325379,217,31,7,136.250140,136.250140,63.906891,5.075238,75.674621,141.7499,-111.7499,248,d31s7
283,16,141.325379,216,27,8,137.250140,137.250140,56.000000,4.075238,74.674621,104.7499,-78.7499,216,d27s8
409,2,204.325379,,,,,,,,,,,,
409,3,204.325379,,,,,,,,,,,,
409,4,204.325379,,,,,,,,,,,,
409,5,204.325379,,,,,,,,,,,,
409,6,204.325379,,,,,,,,,,,,
409,7,204.325379,,,,,,,,,,,,
409,8,204.325379,292,73,4,204.299208,204.299208,147.000000,0.026171,87.674621,159.7008,-87.7008,292,d73s4
409,9,204.325379,300,75,4,201.469133,201.469133,151.169925,2.856246,95.674621,247.5309,-173.5309,375,d75s4
409,10,204.325379,285,57,5,201.791061,201.791061,115.321928,2.534317,80.674621,139.2089,-83.2089,285,d57s5
409,11,204.325379,290,58,5,201.250493,201.250493,117.459432,3.074886,85.674621,203.7495,-146.7495,348,d58s5
409,12,204.325379,282,47,6,201.835455,201.835455,95.584963,2.489923,77.674621,126.1645,-80.1645,282,d47s6
409,13,204.325379,288,48,6,200.535895,200.535895,97.700440,3.789484,83.674621,182.4641,-135.4641,336,d48s6
409,14,204.325379,287,41,7,198.343250,198.343250,83.807355,5.982129,82.674621,128.6568,-88.6568,287,d41s7
409,15,204.325379,287,41,7,202.250140,202.250140,83.906891,2.075238,82.674621,165.7499,-125.7499,328,d41s7
409,16,204.325379,288,36,8,200.250140,200.250140,74.000000,4.075238,83.674621,122.7499,-87.7499,288,d36s8
571,2,285.325379,,,,,,,,,,,,
571,3,285.325379,,,,,,,,,,,,
571,4,285.325379,,,,,,,,,,,,
571,5,285.325379,,,,,,,,,,,,
571,6,285.325379,,,,,,,,,,,,
571,7,285.325379,,,,,,,,,,,,
571,8,285.325379,400,100,4,285.299208,285.299208,201.000000,0.026171,114.674621,213.7008,-114.7008,400,d100s4
571,9,285.325379,408,102,4,282.469133,282.469133,205.169925,2.856246,122.674621,328.5309,-227.5309,510,d102s4
571,10,285.325379,385,77,5,283.791061,283.791061,155.321928,1.534317,99.674621,177.2089,-101.2089,385,d77s5
571,11,285.325379,390,78,5,283.250493,283.250493,157.459432,2.074886,104.674621,261.7495,-184.7495,468,d78s5
571,12,285.325379,378,63,6,283.835455,283.835455,127.584963,1.489923,92.674621,156.1645,-94.1645,378,d63s6
571,13,285.325379,384,64,6,282.535895,282.535895,129.700440,2.789484,98.674621,228.4641,-165.4641,448,d64s6
571,14,285.325379,378,54,7,282.343250,282.343250,109.807355,2.982129,92.674621,148.6568,-95.6568,378,d54s7
571,15,285.325379,385,55,7,280.250140,280.250140,111.906891,5.075238,99.674621,213.7499,-159.7499,440,d55s7
571,16,285.325379,376,47,8,285.250140,285.250140,96.000000,0.075238,90.674621,136.7499,-90.7499,376,d47s8
