id,level,b,j,conductor,disc_End,class_number_End,n_points,group,galois_orbit_size,galois_orbit_min_b,rational_409_isogenies,rational_1721_isogenies,min_isogeny_degree_to_crater,card_verified,cycle23_measured,cycle11_measured,min_k_with_tau_k_in_End,min_nonscalar_endo_degree,smallest_orbit_smooth_endo,best_modelled_endo_speedup,ghs_magic_m,ghs_genus_bound,aut_group_order,rho_n,rho_verified,rho_mean_ops,rho_sd_ops,rho_mean_ms,ns_per_step_median
0,crater,1,1,1,-7,1,2199025563772,cyclic Z/2199025563772,1,1,410 down,1722 down,1,True,1,1,1,2,41,2.30512,1,2^0,2,3000,3000,686341.2,348454.8,471.5981,625.8
1,floor409,5031829425,1242195084090,409,-1170967,410,2199025563772,cyclic Z/2199025563772,41,5031829425,1 up,1722 down,409,True,205,82,41,292742,67720669,5e-05,41,2^40,2,200,200,617497.4,366376.5,422.5176,622.4
2,floor409,99093538161,882927241274,409,-1170967,410,2199025563772,cyclic Z/2199025563772,41,68557228763,1 up,1722 down,409,True,205,82,41,292742,67720669,5e-05,41,2^40,2,200,200,660904.4,364686.7,456.9271,622.5
3,floor409,602878756251,1853404145974,409,-1170967,410,2199025563772,cyclic Z/2199025563772,41,3160915615,1 up,1722 down,409,True,205,82,41,292742,67720669,5e-05,41,2^40,2,200,200,653575.0,385692.3,447.9786,641.9
4,floor409,866419599123,1110097015014,409,-1170967,410,2199025563772,cyclic Z/2199025563772,41,179295619545,1 up,1722 down,409,True,205,82,41,292742,67720669,5e-05,41,2^40,2,200,200,662635.4,362692.5,451.2412,622.3
5,floor409,2124894873921,489723454780,409,-1170967,410,2199025563772,cyclic Z/2199025563772,41,27161683645,1 up,1722 down,409,True,205,82,41,292742,67720669,5e-05,41,2^40,2,200,200,661751.3,347105.9,451.9028,632.9
6,floor409,362710269553,13403902579,409,-1170967,410,2199025563772,cyclic Z/2199025563772,41,5846437579,1 up,1722 down,409,True,205,82,41,292742,67720669,5e-05,41,2^40,2,200,200,662743.9,350538.9,453.3422,622.0
7,floor409,184654114497,106559063667,409,-1170967,410,2199025563772,cyclic Z/2199025563772,41,33794644999,1 up,1722 down,409,True,205,82,41,292742,67720669,5e-05,41,2^40,2,200,200,683078.9,364559.3,463.8573,620.0
8,floor409,1564126989659,283455177880,409,-1170967,410,2199025563772,cyclic Z/2199025563772,41,51820405233,1 up,1722 down,409,True,205,82,41,292742,67720669,5e-05,41,2^40,2,200,200,696541.0,392141.7,472.0026,622.9
9,floor409,306234241869,514090174806,409,-1170967,410,2199025563772,cyclic Z/2199025563772,41,163113275923,1 up,1722 down,409,True,205,82,41,292742,67720669,5e-05,41,2^40,2,200,200,701453.2,398157.1,478.5497,621.8
10,floor409,1858900455647,1882536561426,409,-1170967,410,2199025563772,cyclic Z/2199025563772,41,95985932821,1 up,1722 down,409,True,205,82,41,292742,67720669,5e-05,41,2^40,2,200,200,697696.1,367075.1,473.125,643.6
11,floor409,595082733341,1377485542082,409,-1170967,410,2199025563772,cyclic Z/2199025563772,41,5031829425,1 up,1722 down,409,True,205,82,41,292742,67720669,5e-05,41,2^40,2,200,200,698767.6,367521.1,475.1626,637.1
12,floor409,99935232289,1562916352688,409,-1170967,410,2199025563772,cyclic Z/2199025563772,41,68557228763,1 up,1722 down,409,True,205,82,41,292742,67720669,5e-05,41,2^40,2,200,200,741499.2,372887.5,513.0697,634.1
13,floor409,1525204019899,12829832898,409,-1170967,410,2199025563772,cyclic Z/2199025563772,41,3160915615,1 up,1722 down,409,True,205,82,41,292742,67720669,5e-05,41,2^40,2,200,200,706134.8,358273.0,479.4192,630.5
14,floor409,2178303819597,1226885603962,409,-1170967,410,2199025563772,cyclic Z/2199025563772,41,179295619545,1 up,1722 down,409,True,205,82,41,292742,67720669,5e-05,41,2^40,2,200,200,655940.6,317608.5,449.0202,626.9
15,floor409,1527358357125,474211354494,409,-1170967,410,2199025563772,cyclic Z/2199025563772,41,27161683645,1 up,1722 down,409,True,205,82,41,292742,67720669,5e-05,41,2^40,2,200,200,659052.1,348054.5,454.6676,625.4
16,floor409,810143554301,1128446549103,409,-1170967,410,2199025563772,cyclic Z/2199025563772,41,5846437579,1 up,1722 down,409,True,205,82,41,292742,67720669,5e-05,41,2^40,2,200,200,709737.6,338559.7,491.6374,619.8
17,floor409,451482905861,1891389770605,409,-1170967,410,2199025563772,cyclic Z/2199025563772,41,33794644999,1 up,1722 down,409,True,205,82,41,292742,67720669,5e-05,41,2^40,2,200,200,730251.9,379458.7,495.3004,628.4
18,floor409,92019588459,1162058316072,409,-1170967,410,2199025563772,cyclic Z/2199025563772,41,51820405233,1 up,1722 down,409,True,205,82,41,292742,67720669,5e-05,41,2^40,2,200,200,682434.8,328043.9,468.2615,639.0
19,floor409,2170823475091,563459757962,409,-1170967,410,2199025563772,cyclic Z/2199025563772,41,163113275923,1 up,1722 down,409,True,205,82,41,292742,67720669,5e-05,41,2^40,2,200,200,735163.9,394144.1,506.4394,626.3
20,floor409,848423614103,1967235254708,409,-1170967,410,2199025563772,cyclic Z/2199025563772,41,95985932821,1 up,1722 down,409,True,205,82,41,292742,67720669,5e-05,41,2^40,2,200,200,694994.5,358480.6,480.3976,632.5
21,floor409,1235160739535,2198802531308,409,-1170967,410,2199025563772,cyclic Z/2199025563772,41,5031829425,1 up,1722 down,409,True,205,82,41,292742,67720669,5e-05,41,2^40,2,200,200,688445.3,361958.4,467.9688,626.5
22,floor409,1759762228805,1628204910536,409,-1170967,410,2199025563772,cyclic Z/2199025563772,41,68557228763,1 up,1722 down,409,True,205,82,41,292742,67720669,5e-05,41,2^40,2,200,200,673718.6,362956.9,458.0203,619.8
23,floor409,91341695247,1406451518498,409,-1170967,410,2199025563772,cyclic Z/2199025563772,41,3160915615,1 up,1722 down,409,True,205,82,41,292742,67720669,5e-05,41,2^40,2,200,200,674345.8,349836.8,458.1572,620.4
24,floor409,1507265059613,1296133558560,409,-1170967,410,2199025563772,cyclic Z/2199025563772,41,179295619545,1 up,1722 down,409,True,205,82,41,292742,67720669,5e-05,41,2^40,2,200,200,681474.6,339646.7,461.8057,628.7
25,floor409,1954260874021,357724270848,409,-1170967,410,2199025563772,cyclic Z/2199025563772,41,27161683645,1 up,1722 down,409,True,205,82,41,292742,67720669,5e-05,41,2^40,2,200,200,689897.7,372396.7,472.2683,624.7
26,floor409,707391581865,22476148409,409,-1170967,410,2199025563772,cyclic Z/2199025563772,41,5846437579,1 up,1722 down,409,True,205,82,41,292742,67720669,5e-05,41,2^40,2,200,200,690808.7,357006.9,471.3536,622.3
27,floor409,1470502452935,1970197813503,409,-1170967,410,2199025563772,cyclic Z/2199025563772,41,33794644999,1 up,1722 down,409,True,205,82,41,292742,67720669,5e-05,41,2^40,2,200,200,693256.6,395780.8,477.9352,626.1
28,floor409,200543928301,1871184350044,409,-1170967,410,2199025563772,cyclic Z/2199025563772,41,51820405233,1 up,1722 down,409,True,205,82,41,292742,67720669,5e-05,41,2^40,2,200,200,710089.0,401433.9,488.6364,617.5
29,floor409,1455825136055,1335018613430,409,-1170967,410,2199025563772,cyclic Z/2199025563772,41,163113275923,1 up,1722 down,409,True,205,82,41,292742,67720669,5e-05,41,2^40,2,200,200,701039.6,328122.9,482.1491,624.0
30,floor409,1716759749293,792756150060,409,-1170967,410,2199025563772,cyclic Z/2199025563772,41,95985932821,1 up,1722 down,409,True,205,82,41,292742,67720669,5e-05,41,2^40,2,200,200,700843.0,368800.7,484.9311,619.8
101,floor1721,14893930241,894353126555,1721,-20732887,1722,2199025563772,cyclic Z/2199025563772,41,14893930241,410 down,1 up,1721,True,574,861,41,5183222,67720669,6e-05,41,2^40,2,200,200,637331.9,317435.0,436.3323,622.7
102,floor1721,1510155498127,692128359285,1721,-20732887,1722,2199025563772,cyclic Z/2199025563772,41,166145676359,410 down,1 up,1721,True,574,861,41,5183222,67720669,6e-05,41,2^40,2,200,200,738364.5,371411.4,506.9357,632.3
103,floor1721,2080791946589,94002920709,1721,-20732887,1722,2199025563772,cyclic Z/2199025563772,41,134775142729,410 down,1 up,1721,True,574,861,41,5183222,67720669,6e-05,41,2^40,2,200,200,638824.6,339476.3,437.2332,617.4
104,floor1721,1376908101713,1657673677754,1721,-20732887,1722,2199025563772,cyclic Z/2199025563772,41,14225778267,410 down,1 up,1721,True,574,861,41,5183222,67720669,6e-05,41,2^40,2,200,200,671440.7,360743.3,453.7324,632.6
105,floor1721,908093125245,1237192529496,1721,-20732887,1722,2199025563772,cyclic Z/2199025563772,41,21010155089,410 down,1 up,1721,True,574,861,41,5183222,67720669,6e-05,41,2^40,2,200,200,688278.2,381869.6,467.6793,626.5
106,floor1721,1915811742975,60054976940,1721,-20732887,1722,2199025563772,cyclic Z/2199025563772,41,233574011905,410 down,1 up,1721,True,574,861,41,5183222,67720669,6e-05,41,2^40,2,200,200,668222.0,358149.7,454.5133,624.8
107,floor1721,1727859423361,1307850180225,1721,-20732887,1722,2199025563772,cyclic Z/2199025563772,41,16818796349,410 down,1 up,1721,True,574,861,41,5183222,67720669,6e-05,41,2^40,2,200,200,661490.6,351148.3,447.5455,634.9
108,floor1721,2088212162177,805556442206,1721,-20732887,1722,2199025563772,cyclic Z/2199025563772,41,40995530669,410 down,1 up,1721,True,574,861,41,5183222,67720669,6e-05,41,2^40,2,200,200,694775.0,362842.0,471.0654,640.4
109,floor1721,1651609507479,1464816826136,1721,-20732887,1722,2199025563772,cyclic Z/2199025563772,41,65826393643,410 down,1 up,1721,True,574,861,41,5183222,67720669,6e-05,41,2^40,2,200,200,672214.7,362137.2,464.1016,631.1
110,floor1721,2113666430069,996310113816,1721,-20732887,1722,2199025563772,cyclic Z/2199025563772,41,51794488825,410 down,1 up,1721,True,574,861,41,5183222,67720669,6e-05,41,2^40,2,200,200,670199.6,349513.6,460.6226,631.6
111,floor1721,709715333647,704420035918,1721,-20732887,1722,2199025563772,cyclic Z/2199025563772,41,44517128611,410 down,1 up,1721,True,574,861,41,5183222,67720669,6e-05,41,2^40,2,200,200,753018.3,367137.2,514.149,625.4
112,floor1721,2021319326377,522631140543,1721,-20732887,1722,2199025563772,cyclic Z/2199025563772,41,50342504603,410 down,1 up,1721,True,574,861,41,5183222,67720669,6e-05,41,2^40,2,200,200,674429.6,348209.9,460.0732,623.5
113,floor1721,453354451405,157733742118,1721,-20732887,1722,2199025563772,cyclic Z/2199025563772,41,141618090785,410 down,1 up,1721,True,574,861,41,5183222,67720669,6e-05,41,2^40,2,200,200,674716.7,384212.4,466.0355,627.3
114,floor1721,499504527161,978602535561,1721,-20732887,1722,2199025563772,cyclic Z/2199025563772,41,114149339373,410 down,1 up,1721,True,574,861,41,5183222,67720669,6e-05,41,2^40,2,200,200,696841.6,371225.4,477.0515,629.1
115,floor1721,407896824571,1113143482532,1721,-20732887,1722,2199025563772,cyclic Z/2199025563772,41,37484229733,410 down,1 up,1721,True,574,861,41,5183222,67720669,6e-05,41,2^40,2,200,200,725771.6,392708.9,498.2221,622.9
116,floor1721,162016973541,1498784520133,1721,-20732887,1722,2199025563772,cyclic Z/2199025563772,41,101186903065,410 down,1 up,1721,True,574,861,41,5183222,67720669,6e-05,41,2^40,2,200,200,687155.3,350801.0,466.3124,633.2
117,floor1721,823457015531,2120886002420,1721,-20732887,1722,2199025563772,cyclic Z/2199025563772,41,103043474429,410 down,1 up,1721,True,574,861,41,5183222,67720669,6e-05,41,2^40,2,200,200,689896.1,376578.2,475.6024,620.4
118,floor1721,1925744994969,1913730902102,1721,-20732887,1722,2199025563772,cyclic Z/2199025563772,41,1850510559,410 down,1 up,1721,True,574,861,41,5183222,67720669,6e-05,41,2^40,2,200,200,645893.5,327838.2,441.5789,629.8
119,floor1721,595099213099,1419086463824,1721,-20732887,1722,2199025563772,cyclic Z/2199025563772,41,252097125841,410 down,1 up,1721,True,574,861,41,5183222,67720669,6e-05,41,2^40,2,200,200,633138.6,318260.6,442.7883,635.2
120,floor1721,89278669445,1158249331823,1721,-20732887,1722,2199025563772,cyclic Z/2199025563772,41,53798781335,410 down,1 up,1721,True,574,861,41,5183222,67720669,6e-05,41,2^40,2,200,200,714575.8,376691.3,484.9277,631.2
121,floor1721,1298748643643,378788157360,1721,-20732887,1722,2199025563772,cyclic Z/2199025563772,41,97479619793,410 down,1 up,1721,True,574,861,41,5183222,67720669,6e-05,41,2^40,2,200,200,674317.7,328855.3,460.5202,639.1
122,floor1721,1084051470307,1057403807647,1721,-20732887,1722,2199025563772,cyclic Z/2199025563772,41,115208970091,410 down,1 up,1721,True,574,861,41,5183222,67720669,6e-05,41,2^40,2,200,200,665626.0,335118.7,453.3702,625.7
123,floor1721,50553211409,392588799160,1721,-20732887,1722,2199025563772,cyclic Z/2199025563772,41,38415623861,410 down,1 up,1721,True,574,861,41,5183222,67720669,6e-05,41,2^40,2,200,200,679534.4,355223.3,465.0912,633.6
124,floor1721,403286171773,788288256393,1721,-20732887,1722,2199025563772,cyclic Z/2199025563772,41,202631940515,410 down,1 up,1721,True,574,861,41,5183222,67720669,6e-05,41,2^40,2,200,200,709279.9,361208.7,485.6242,623.0
125,floor1721,11987057173,67870513592,1721,-20732887,1722,2199025563772,cyclic Z/2199025563772,41,11987057173,410 down,1 up,1721,True,574,861,41,5183222,67720669,6e-05,41,2^40,2,200,200,715308.1,351865.4,489.0982,620.0
126,floor1721,1873721084185,955723778268,1721,-20732887,1722,2199025563772,cyclic Z/2199025563772,41,3666858217,410 down,1 up,1721,True,574,861,41,5183222,67720669,6e-05,41,2^40,2,200,200,733509.3,404876.2,505.6113,619.2
127,floor1721,1268167358645,1613308554074,1721,-20732887,1722,2199025563772,cyclic Z/2199025563772,41,126145087757,410 down,1 up,1721,True,574,861,41,5183222,67720669,6e-05,41,2^40,2,200,200,707167.6,369816.1,484.9012,616.6
128,floor1721,108266182931,1557510184278,1721,-20732887,1722,2199025563772,cyclic Z/2199025563772,41,108266182931,410 down,1 up,1721,True,574,861,41,5183222,67720669,6e-05,41,2^40,2,200,200,703739.9,359743.5,481.8484,632.1
129,floor1721,1607323613381,1002149789660,1721,-20732887,1722,2199025563772,cyclic Z/2199025563772,41,43351200493,410 down,1 up,1721,True,574,861,41,5183222,67720669,6e-05,41,2^40,2,200,200,732192.5,365320.8,499.829,638.1
130,floor1721,1264641500671,1062018851518,1721,-20732887,1722,2199025563772,cyclic Z/2199025563772,41,58674666391,410 down,1 up,1721,True,574,861,41,5183222,67720669,6e-05,41,2^40,2,200,200,725263.4,364659.6,499.6316,621.6
201,bottom,5997019219,1023861614761,703889,-3468218070247,706020,2199025563772,cyclic Z/2199025563772,41,5997019219,1 up,1 up,703889,True,2870,1722,41,867054517562,6704346231,1e-05,41,2^40,2,200,200,692303.2,364667.9,475.8911,639.5
202,bottom,37744445183,2181812667309,703889,-3468218070247,706020,2199025563772,cyclic Z/2199025563772,41,37744445183,1 up,1 up,703889,True,2870,1722,41,867054517562,6704346231,1e-05,41,2^40,2,200,200,696969.6,355912.9,471.7419,651.3
203,bottom,39640528559,1158649122744,703889,-3468218070247,706020,2199025563772,cyclic Z/2199025563772,41,14249697587,1 up,1 up,703889,True,2870,1722,41,867054517562,6704346231,1e-05,41,2^40,2,200,200,673050.0,361559.5,461.1803,622.1
204,bottom,81049972515,698783363288,703889,-3468218070247,706020,2199025563772,cyclic Z/2199025563772,41,31581314337,1 up,1 up,703889,True,2870,1722,41,867054517562,6704346231,1e-05,41,2^40,2,200,200,706109.9,386352.3,485.6643,658.7
205,bottom,95374749795,60868018416,703889,-3468218070247,706020,2199025563772,cyclic Z/2199025563772,41,58358638589,1 up,1 up,703889,True,2870,1722,41,867054517562,6704346231,1e-05,41,2^40,2,200,200,695345.5,359462.0,474.4024,629.7
206,bottom,109384496681,174848793611,703889,-3468218070247,706020,2199025563772,cyclic Z/2199025563772,41,20970420053,1 up,1 up,703889,True,2870,1722,41,867054517562,6704346231,1e-05,41,2^40,2,200,200,701417.2,388121.6,477.2823,630.4
207,bottom,131959345423,138515638717,703889,-3468218070247,706020,2199025563772,cyclic Z/2199025563772,41,2855707791,1 up,1 up,703889,True,2870,1722,41,867054517562,6704346231,1e-05,41,2^40,2,200,200,733805.5,352224.8,501.6753,621.0
208,bottom,165820232955,1051672013744,703889,-3468218070247,706020,2199025563772,cyclic Z/2199025563772,41,30303183607,1 up,1 up,703889,True,2870,1722,41,867054517562,6704346231,1e-05,41,2^40,2,200,200,655898.9,348568.2,448.7546,635.5
209,bottom,172874328105,2125184269986,703889,-3468218070247,706020,2199025563772,cyclic Z/2199025563772,41,3285446879,1 up,1 up,703889,True,2870,1722,41,867054517562,6704346231,1e-05,41,2^40,2,200,200,693082.5,354972.9,470.6774,622.1
210,bottom,200742141769,1677549459002,703889,-3468218070247,706020,2199025563772,cyclic Z/2199025563772,41,71404810317,1 up,1 up,703889,True,2870,1722,41,867054517562,6704346231,1e-05,41,2^40,2,200,200,693337.6,364899.0,473.9423,626.9
211,bottom,229221296853,840210593125,703889,-3468218070247,706020,2199025563772,cyclic Z/2199025563772,41,16517802531,1 up,1 up,703889,True,2870,1722,41,867054517562,6704346231,1e-05,41,2^40,2,200,200,657303.7,329989.4,452.4517,629.8
212,bottom,241856368571,802087082736,703889,-3468218070247,706020,2199025563772,cyclic Z/2199025563772,41,61174505613,1 up,1 up,703889,True,2870,1722,41,867054517562,6704346231,1e-05,41,2^40,2,200,200,693275.8,365015.7,472.6794,630.7
213,bottom,243606149247,773623371380,703889,-3468218070247,706020,2199025563772,cyclic Z/2199025563772,41,20640460785,1 up,1 up,703889,True,2870,1722,41,867054517562,6704346231,1e-05,41,2^40,2,200,200,657332.7,387711.8,449.3497,637.1
214,bottom,260623164515,248211833688,703889,-3468218070247,706020,2199025563772,cyclic Z/2199025563772,41,32119154069,1 up,1 up,703889,True,2870,1722,41,867054517562,6704346231,1e-05,41,2^40,2,200,200,657613.4,326069.2,448.0015,643.3
215,bottom,362651412795,169227059182,703889,-3468218070247,706020,2199025563772,cyclic Z/2199025563772,41,66789000713,1 up,1 up,703889,True,2870,1722,41,867054517562,6704346231,1e-05,41,2^40,2,200,200,665146.0,341198.1,453.9249,627.6
216,bottom,399725101873,384225394423,703889,-3468218070247,706020,2199025563772,cyclic Z/2199025563772,41,82141964219,1 up,1 up,703889,True,2870,1722,41,867054517562,6704346231,1e-05,41,2^40,2,200,200,668292.7,341162.9,454.8709,620.1
217,bottom,441530527337,1852053251573,703889,-3468218070247,706020,2199025563772,cyclic Z/2199025563772,41,55066048281,1 up,1 up,703889,True,2870,1722,41,867054517562,6704346231,1e-05,41,2^40,2,200,200,689514.4,380790.2,468.8867,640.7
218,bottom,449991858809,469106065944,703889,-3468218070247,706020,2199025563772,cyclic Z/2199025563772,41,25609822351,1 up,1 up,703889,True,2870,1722,41,867054517562,6704346231,1e-05,41,2^40,2,200,200,684420.1,337735.3,468.5898,643.4
219,bottom,459503975423,500804267332,703889,-3468218070247,706020,2199025563772,cyclic Z/2199025563772,41,251055439741,1 up,1 up,703889,True,2870,1722,41,867054517562,6704346231,1e-05,41,2^40,2,200,200,659498.0,346831.5,453.1711,624.6
220,bottom,479925918429,403167288164,703889,-3468218070247,706020,2199025563772,cyclic Z/2199025563772,41,78697283457,1 up,1 up,703889,True,2870,1722,41,867054517562,6704346231,1e-05,41,2^40,2,200,200,689254.8,361898.0,469.7379,649.4
221,bottom,517815414403,1877834949881,703889,-3468218070247,706020,2199025563772,cyclic Z/2199025563772,41,94170478977,1 up,1 up,703889,True,2870,1722,41,867054517562,6704346231,1e-05,41,2^40,2,200,200,674512.8,370425.8,460.1859,634.4
222,bottom,583930671161,1741946000640,703889,-3468218070247,706020,2199025563772,cyclic Z/2199025563772,41,37747127597,1 up,1 up,703889,True,2870,1722,41,867054517562,6704346231,1e-05,41,2^40,2,200,200,713247.9,381823.5,484.9958,628.1
223,bottom,591368152055,675680620737,703889,-3468218070247,706020,2199025563772,cyclic Z/2199025563772,41,133849982887,1 up,1 up,703889,True,2870,1722,41,867054517562,6704346231,1e-05,41,2^40,2,200,200,667577.7,365946.9,453.7397,626.7
224,bottom,641198213591,561406410211,703889,-3468218070247,706020,2199025563772,cyclic Z/2199025563772,41,30457596423,1 up,1 up,703889,True,2870,1722,41,867054517562,6704346231,1e-05,41,2^40,2,200,200,696397.1,347108.3,474.59,626.2
225,bottom,766916531097,892808448914,703889,-3468218070247,706020,2199025563772,cyclic Z/2199025563772,41,176806273843,1 up,1 up,703889,True,2870,1722,41,867054517562,6704346231,1e-05,41,2^40,2,200,200,710753.7,392848.3,484.9171,622.6
226,bottom,831015215153,327141723407,703889,-3468218070247,706020,2199025563772,cyclic Z/2199025563772,41,12963786741,1 up,1 up,703889,True,2870,1722,41,867054517562,6704346231,1e-05,41,2^40,2,200,200,716150.4,390988.8,485.8041,621.6
227,bottom,831534197599,439030017487,703889,-3468218070247,706020,2199025563772,cyclic Z/2199025563772,41,130156625851,1 up,1 up,703889,True,2870,1722,41,867054517562,6704346231,1e-05,41,2^40,2,200,200,690381.3,380002.8,470.0435,629.0
228,bottom,872052589723,713456927816,703889,-3468218070247,706020,2199025563772,cyclic Z/2199025563772,41,24451268735,1 up,1 up,703889,True,2870,1722,41,867054517562,6704346231,1e-05,41,2^40,2,200,200,646978.0,326711.2,442.5518,622.7
229,bottom,890214142153,148016319418,703889,-3468218070247,706020,2199025563772,cyclic Z/2199025563772,41,38603697933,1 up,1 up,703889,True,2870,1722,41,867054517562,6704346231,1e-05,41,2^40,2,200,200,686816.1,336747.9,470.1403,629.7
230,bottom,905174534559,1277206149613,703889,-3468218070247,706020,2199025563772,cyclic Z/2199025563772,41,37125291557,1 up,1 up,703889,True,2870,1722,41,867054517562,6704346231,1e-05,41,2^40,2,200,200,690333.7,372530.5,471.468,623.7
