p,a,b,j,trace,order,aut_order,fb_m2,fb_m3,n_targets,hits_m2,hits_m3,order,full_liftable,liftable_density_W125,liftable_density_W250,liftable_density_W500,liftable_density_W1000,liftable_density_W2000,liftable_density_W4001,two_torsion_x,sumset_m2,sumset_m3,sumset_eff_m2,sumset_eff_m3,decomp_rate_m2,decomp_rate_m3,decomp_efficiency_m2,decomp_efficiency_m3,s3_support,liftable_identity_holds
4001,1257,2514,9,72,3930,2,40,13,400,213,210,3930,1965,0.504,0.496,0.472,0.482,0.4865,0.49112721819545113,1,2220,2088,0.6851851851851852,0.6373626373626373,0.5325,0.525,0.6459027777777777,0.6298076923076923,13,True
4001,3229,819,23,72,3930,2,40,13,400,192,223,3930,1965,0.544,0.524,0.514,0.519,0.485,0.49112721819545113,1,2125,2032,0.6558641975308642,0.6202686202686203,0.48,0.5575,0.5822222222222222,0.6687957875457875,13,True
4001,3294,2587,55,72,3930,2,40,13,400,237,199,3930,1965,0.576,0.54,0.51,0.515,0.4915,0.49112721819545113,1,2207,2008,0.6811728395061728,0.612942612942613,0.5925,0.4975,0.7186805555555555,0.5968177655677656,13,True
4001,1229,2153,113,72,3930,2,40,13,400,234,222,3930,1965,0.432,0.476,0.474,0.481,0.4825,0.49112721819545113,1,2264,2081,0.6987654320987654,0.6352258852258852,0.585,0.555,0.7095833333333332,0.6657967032967034,13,True
4001,1854,3708,210,72,3930,2,40,13,400,196,218,3930,1965,0.472,0.456,0.484,0.49,0.4835,0.49112721819545113,1,2149,2136,0.6632716049382716,0.652014652014652,0.49,0.545,0.5943518518518519,0.6538003663003664,13,True
4001,1147,2294,216,72,3930,2,40,13,400,226,202,3930,1965,0.416,0.46,0.478,0.486,0.485,0.49112721819545113,1,2220,2048,0.6851851851851852,0.6251526251526252,0.565,0.505,0.685324074074074,0.6058150183150184,13,True
4001,2216,2811,276,72,3930,2,40,13,400,231,202,3930,1965,0.432,0.456,0.47,0.476,0.4765,0.49112721819545113,1,2263,2022,0.6984567901234567,0.6172161172161172,0.5775,0.505,0.7004861111111111,0.6058150183150184,13,True
4001,988,3326,342,72,3930,2,40,13,400,240,207,3930,1965,0.496,0.532,0.506,0.499,0.497,0.49112721819545113,1,2226,2107,0.687037037037037,0.6431623931623932,0.6,0.5175,0.7277777777777777,0.6208104395604395,13,True
4001,3885,2590,393,72,3930,2,40,13,400,230,195,3930,1965,0.52,0.472,0.508,0.51,0.489,0.49112721819545113,1,2237,1797,0.6904320987654321,0.5485347985347986,0.575,0.4875,0.6974537037037037,0.5848214285714286,13,True
4001,2615,1229,411,72,3930,2,40,13,400,237,225,3930,1965,0.48,0.464,0.494,0.493,0.5035,0.49112721819545113,1,2254,2194,0.695679012345679,0.6697191697191697,0.5925,0.5625,0.7186805555555555,0.6747939560439561,13,True
4001,1181,2121,426,72,3930,2,40,13,400,229,215,3930,1965,0.472,0.504,0.52,0.506,0.494,0.49112721819545113,1,2201,2126,0.679320987654321,0.648962148962149,0.5725,0.5375,0.6944212962962963,0.6448031135531136,13,True
4001,3392,2783,447,72,3930,2,40,13,400,228,206,3930,1965,0.52,0.488,0.458,0.479,0.4905,0.49112721819545113,1,2222,2095,0.6858024691358025,0.6394993894993894,0.57,0.515,0.6913888888888888,0.6178113553113553,13,True
4001,1987,3992,507,72,3930,2,40,13,400,221,180,3930,1965,0.512,0.5,0.48,0.476,0.4915,0.49112721819545113,1,2248,1800,0.6938271604938272,0.5494505494505495,0.5525,0.45,0.670162037037037,0.5398351648351648,13,True
4001,293,1529,521,72,3930,2,40,13,400,221,232,3930,1965,0.48,0.52,0.52,0.491,0.4815,0.49112721819545113,1,2230,2161,0.6882716049382716,0.6596459096459096,0.5525,0.58,0.670162037037037,0.6957875457875456,13,True
4001,278,1519,542,72,3930,2,40,13,400,228,205,3930,1965,0.416,0.468,0.47,0.494,0.504,0.49112721819545113,1,2257,2027,0.696604938271605,0.6187423687423688,0.57,0.5125,0.6913888888888888,0.614812271062271,13,True
4001,3507,2338,557,72,3930,2,40,13,400,237,212,3930,1965,0.496,0.516,0.496,0.486,0.4885,0.49112721819545113,1,2224,2180,0.6864197530864198,0.6654456654456654,0.5925,0.53,0.7186805555555555,0.6358058608058609,13,True
4001,1370,2247,579,72,3930,2,40,13,400,222,223,3930,1965,0.512,0.468,0.446,0.462,0.4805,0.49112721819545113,1,2236,2214,0.6901234567901234,0.6758241758241759,0.555,0.5575,0.6731944444444444,0.6687957875457875,13,True
4001,1764,1176,645,72,3930,2,40,13,400,233,197,3930,1965,0.44,0.464,0.466,0.477,0.48,0.49112721819545113,1,2229,2037,0.687962962962963,0.6217948717948718,0.5825,0.4925,0.7065509259259259,0.5908195970695971,13,True
4001,2793,1585,741,72,3930,2,40,13,400,222,218,3930,1965,0.536,0.492,0.478,0.477,0.475,0.49112721819545113,1,2232,1944,0.6888888888888889,0.5934065934065934,0.555,0.545,0.6731944444444444,0.6538003663003664,13,True
4001,21,42,756,72,3930,2,40,13,400,213,214,3930,1965,0.448,0.444,0.45,0.475,0.4865,0.49112721819545113,1,2247,2188,0.6935185185185185,0.6678876678876678,0.5325,0.535,0.6459027777777777,0.6418040293040294,13,True
4001,2359,717,813,72,3930,2,40,13,400,240,232,3930,1965,0.44,0.408,0.448,0.456,0.48,0.49112721819545113,1,2257,2264,0.696604938271605,0.6910866910866911,0.6,0.58,0.7277777777777777,0.6957875457875456,13,True
4001,1636,3272,906,72,3930,2,40,13,400,206,216,3930,1965,0.568,0.548,0.518,0.513,0.4955,0.49112721819545113,1,2220,2016,0.6851851851851852,0.6153846153846154,0.515,0.54,0.6246759259259259,0.6478021978021978,13,True
4001,1049,2033,932,72,3930,2,40,13,400,216,215,3930,1965,0.496,0.456,0.456,0.472,0.4885,0.49112721819545113,1,2199,2196,0.6787037037037037,0.6703296703296703,0.54,0.5375,0.6550000000000001,0.6448031135531136,13,True
4001,2165,2777,1076,72,3930,2,40,13,400,211,218,3930,1965,0.536,0.56,0.506,0.506,0.4915,0.49112721819545113,1,2183,2132,0.6737654320987654,0.6507936507936508,0.5275,0.545,0.6398379629629629,0.6538003663003664,13,True
4001,1347,898,1084,72,3930,2,40,13,400,219,228,3930,1965,0.496,0.476,0.516,0.516,0.4935,0.49112721819545113,1,2196,2147,0.6777777777777778,0.6553724053724054,0.5475,0.57,0.6640972222222221,0.6837912087912088,13,True
4001,2621,1241,1106,72,3930,2,40,13,400,242,211,3930,1965,0.488,0.488,0.494,0.489,0.4975,0.49112721819545113,1,2234,2034,0.6895061728395062,0.6208791208791209,0.605,0.5275,0.7338425925925927,0.6328067765567765,13,True
4001,2807,1613,1192,72,3930,2,40,13,400,233,209,3930,1965,0.512,0.516,0.488,0.482,0.4915,0.49112721819545113,1,2271,2107,0.700925925925926,0.6431623931623932,0.5825,0.5225,0.7065509259259259,0.6268086080586079,13,True
4001,2095,189,1344,72,3930,2,40,13,400,221,208,3930,1965,0.504,0.48,0.512,0.498,0.5,0.49112721819545113,1,2180,2037,0.6728395061728395,0.6217948717948718,0.5525,0.52,0.670162037037037,0.6238095238095238,13,True
4001,1581,1054,1361,72,3930,2,40,13,400,216,212,3930,1965,0.496,0.524,0.492,0.496,0.489,0.49112721819545113,1,2188,2029,0.6753086419753086,0.6193528693528694,0.54,0.53,0.6550000000000001,0.6358058608058609,13,True
4001,2645,1289,1447,72,3930,2,40,13,400,248,222,3930,1965,0.496,0.504,0.518,0.498,0.4945,0.49112721819545113,1,2234,2135,0.6895061728395062,0.6517094017094017,0.62,0.555,0.7520370370370371,0.6657967032967034,13,True
4001,692,1795,1686,72,3930,2,40,13,400,212,210,3930,1965,0.48,0.496,0.442,0.453,0.4715,0.49112721819545113,1,2194,2151,0.6771604938271605,0.6565934065934066,0.53,0.525,0.6428703703703704,0.6298076923076923,13,True
4001,2522,1043,1694,72,3930,2,40,13,400,213,216,3930,1965,0.472,0.48,0.488,0.487,0.4875,0.49112721819545113,1,2307,2118,0.712037037037037,0.6465201465201466,0.5325,0.54,0.6459027777777777,0.6478021978021978,13,True
4001,1483,2966,1713,72,3930,2,40,13,400,244,194,3930,1965,0.496,0.472,0.49,0.492,0.489,0.49112721819545113,1,2241,2008,0.6916666666666667,0.612942612942613,0.61,0.485,0.7399074074074073,0.5818223443223443,13,True
4001,3171,2114,1802,72,3930,2,40,13,400,224,225,3930,1965,0.464,0.48,0.46,0.478,0.4795,0.49112721819545113,1,2180,2220,0.6728395061728395,0.6776556776556777,0.56,0.5625,0.6792592592592593,0.6747939560439561,13,True
4001,1410,2820,1896,72,3930,2,40,13,400,236,184,3930,1965,0.44,0.472,0.49,0.513,0.498,0.49112721819545113,1,2236,1942,0.6901234567901234,0.5927960927960928,0.59,0.46,0.7156481481481481,0.5518315018315019,13,True
4001,1459,2918,1912,72,3930,2,40,13,400,224,208,3930,1965,0.528,0.516,0.528,0.514,0.4985,0.49112721819545113,1,2166,2095,0.6685185185185185,0.6394993894993894,0.56,0.52,0.6792592592592593,0.6238095238095238,13,True
4001,3712,1141,1914,72,3930,2,40,13,400,236,227,3930,1965,0.52,0.536,0.526,0.514,0.4935,0.49112721819545113,1,2194,2153,0.6771604938271605,0.6572039072039072,0.59,0.5675,0.7156481481481481,0.6807921245421246,13,True
4001,1062,708,1926,72,3930,2,40,13,400,219,187,3930,1965,0.512,0.516,0.498,0.487,0.503,0.49112721819545113,1,2276,1936,0.7024691358024692,0.590964590964591,0.5475,0.4675,0.6640972222222221,0.5608287545787546,13,True
4001,881,1762,1941,72,3930,2,40,13,400,217,233,3930,1965,0.392,0.432,0.464,0.48,0.4945,0.49112721819545113,1,2222,2164,0.6858024691358025,0.6605616605616605,0.5425,0.5825,0.6580324074074074,0.69878663003663,13,True
4001,2174,2783,2152,72,3930,2,40,13,400,247,193,3930,1965,0.44,0.44,0.464,0.498,0.507,0.49112721819545113,1,2268,1898,0.7,0.5793650793650794,0.6175,0.4825,0.7490046296296297,0.57882326007326,13,True
4001,3866,3731,2160,72,3930,2,40,13,400,208,196,3930,1965,0.464,0.516,0.512,0.497,0.4955,0.49112721819545113,1,2230,2092,0.6882716049382716,0.6385836385836385,0.52,0.49,0.6307407407407408,0.5878205128205128,13,True
4001,3553,3105,2314,72,3930,2,40,13,400,231,208,3930,1965,0.584,0.524,0.528,0.494,0.486,0.49112721819545113,1,2230,2106,0.6882716049382716,0.6428571428571429,0.5775,0.52,0.7004861111111111,0.6238095238095238,13,True
4001,2039,77,2329,72,3930,2,40,13,400,211,193,3930,1965,0.44,0.468,0.492,0.491,0.4855,0.49112721819545113,1,2142,1966,0.6611111111111111,0.6001221001221001,0.5275,0.4825,0.6398379629629629,0.57882326007326,13,True
4001,768,512,2344,72,3930,2,40,13,400,219,228,3930,1965,0.52,0.46,0.45,0.48,0.496,0.49112721819545113,1,2174,2128,0.6709876543209876,0.6495726495726496,0.5475,0.57,0.6640972222222221,0.6837912087912088,13,True
4001,2507,1013,2398,72,3930,2,40,13,400,233,224,3930,1965,0.6,0.5,0.5,0.501,0.494,0.49112721819545113,1,2242,2267,0.6919753086419753,0.692002442002442,0.5825,0.56,0.7065509259259259,0.6717948717948719,13,True
4001,3272,2543,2410,72,3930,2,40,13,400,223,205,3930,1965,0.536,0.5,0.48,0.477,0.495,0.49112721819545113,1,2141,2083,0.6608024691358024,0.6358363858363858,0.5575,0.5125,0.6762268518518518,0.614812271062271,13,True
4001,2421,841,2415,72,3930,2,40,13,400,223,199,3930,1965,0.52,0.46,0.47,0.476,0.4935,0.49112721819545113,1,2166,1881,0.6685185185185185,0.5741758241758241,0.5575,0.4975,0.6762268518518518,0.5968177655677656,13,True
4001,2508,1015,2524,72,3930,2,40,13,400,236,218,3930,1965,0.528,0.484,0.496,0.487,0.485,0.49112721819545113,1,2274,2189,0.7018518518518518,0.6681929181929182,0.59,0.545,0.7156481481481481,0.6538003663003664,13,True
4001,342,684,2675,72,3930,2,40,13,400,220,220,3930,1965,0.512,0.524,0.518,0.505,0.499,0.49112721819545113,1,2216,2100,0.6839506172839506,0.6410256410256411,0.55,0.55,0.6671296296296296,0.6597985347985348,13,True
4001,891,594,2850,72,3930,2,40,13,400,215,203,3930,1965,0.456,0.472,0.494,0.501,0.4865,0.49112721819545113,1,2225,2148,0.6867283950617284,0.6556776556776557,0.5375,0.5075,0.6519675925925926,0.6088141025641025,13,True
4001,1881,1254,2923,72,3930,2,40,13,400,229,225,3930,1965,0.48,0.456,0.462,0.463,0.489,0.49112721819545113,1,2241,2238,0.6916666666666667,0.6831501831501832,0.5725,0.5625,0.6944212962962963,0.6747939560439561,13,True
4001,999,1998,2946,72,3930,2,40,13,400,216,200,3930,1965,0.504,0.532,0.516,0.494,0.496,0.49112721819545113,1,2174,2072,0.6709876543209876,0.6324786324786325,0.54,0.5,0.6550000000000001,0.5998168498168498,13,True
4001,1170,780,3105,72,3930,2,40,13,400,220,177,3930,1965,0.44,0.496,0.48,0.486,0.4875,0.49112721819545113,1,2173,2005,0.6706790123456791,0.6120268620268621,0.55,0.4425,0.6671296296296296,0.5308379120879121,13,True
4001,765,1530,3124,72,3930,2,40,13,400,205,210,3930,1965,0.48,0.5,0.512,0.5,0.4965,0.49112721819545113,1,2206,2120,0.6808641975308642,0.6471306471306472,0.5125,0.525,0.6216435185185184,0.6298076923076923,13,True
4001,286,572,3164,72,3930,2,40,13,400,229,213,3930,1965,0.544,0.488,0.504,0.493,0.4825,0.49112721819545113,1,2198,2064,0.678395061728395,0.63003663003663,0.5725,0.5325,0.6944212962962963,0.638804945054945,13,True
4001,3845,3897,3174,72,3930,2,40,13,400,220,233,3930,1965,0.528,0.5,0.504,0.494,0.4965,0.49112721819545113,1,2182,2254,0.6734567901234568,0.688034188034188,0.55,0.5825,0.6671296296296296,0.69878663003663,13,True
4001,1818,1212,3228,72,3930,2,40,13,400,236,198,3930,1965,0.536,0.54,0.502,0.498,0.502,0.49112721819545113,1,2210,2125,0.6820987654320988,0.6486568986568987,0.59,0.495,0.7156481481481481,0.5938186813186813,13,True
4001,529,1058,3256,72,3930,2,40,13,400,220,219,3930,1965,0.504,0.472,0.494,0.496,0.5015,0.49112721819545113,1,2207,2132,0.6811728395061728,0.6507936507936508,0.55,0.5475,0.6671296296296296,0.6567994505494504,13,True
4001,3631,1087,3312,72,3930,2,40,13,400,213,219,3930,1965,0.608,0.552,0.518,0.508,0.501,0.49112721819545113,1,2148,2192,0.662962962962963,0.6691086691086691,0.5325,0.5475,0.6459027777777777,0.6567994505494504,13,True
4001,888,1776,3343,72,3930,2,40,13,400,218,209,3930,1965,0.528,0.508,0.516,0.499,0.49,0.49112721819545113,1,2168,2052,0.6691358024691358,0.6263736263736264,0.545,0.5225,0.6610648148148149,0.6268086080586079,13,True
4001,1480,3654,3408,72,3930,2,40,13,400,231,195,3930,1965,0.536,0.504,0.512,0.498,0.501,0.49112721819545113,1,2274,1989,0.7018518518518518,0.6071428571428571,0.5775,0.4875,0.7004861111111111,0.5848214285714286,13,True
4001,2931,1954,3469,72,3930,2,40,13,400,235,228,3930,1965,0.488,0.508,0.478,0.465,0.476,0.49112721819545113,1,2227,2209,0.6873456790123457,0.6742979242979243,0.5875,0.57,0.7126157407407407,0.6837912087912088,13,True
4001,1021,2042,3516,72,3930,2,40,13,400,230,203,3930,1965,0.488,0.472,0.472,0.476,0.4805,0.49112721819545113,1,2270,2024,0.7006172839506173,0.6178266178266179,0.575,0.5075,0.6974537037037037,0.6088141025641025,13,True
4001,3975,2650,3519,72,3930,2,40,13,400,215,237,3930,1965,0.472,0.44,0.464,0.476,0.485,0.49112721819545113,1,2231,2136,0.6885802469135802,0.652014652014652,0.5375,0.5925,0.6519675925925926,0.7107829670329671,13,True
4001,1711,3422,3529,72,3930,2,40,13,400,231,196,3930,1965,0.392,0.4,0.466,0.488,0.481,0.49112721819545113,1,2278,2033,0.7030864197530864,0.6205738705738706,0.5775,0.49,0.7004861111111111,0.5878205128205128,13,True
4001,3538,1025,3618,72,3930,2,40,13,400,197,219,3930,1965,0.448,0.492,0.504,0.503,0.5045,0.49112721819545113,1,2151,2132,0.6638888888888889,0.6507936507936508,0.4925,0.5475,0.5973842592592592,0.6567994505494504,13,True
4001,30,60,3647,72,3930,2,40,13,400,240,190,3930,1965,0.536,0.512,0.496,0.486,0.4865,0.49112721819545113,1,2230,2138,0.6882716049382716,0.6526251526251526,0.6,0.475,0.7277777777777777,0.5698260073260073,13,True
4001,3114,2076,3671,72,3930,2,40,13,400,210,233,3930,1965,0.376,0.436,0.468,0.478,0.4755,0.49112721819545113,1,2166,2097,0.6685185185185185,0.6401098901098901,0.525,0.5825,0.6368055555555555,0.69878663003663,13,True
4001,3346,897,3896,72,3930,2,40,13,400,227,229,3930,1965,0.496,0.488,0.49,0.505,0.492,0.49112721819545113,1,2212,2188,0.682716049382716,0.6678876678876678,0.5675,0.5725,0.6883564814814815,0.686790293040293,13,True
4001,2236,471,3928,72,3930,2,40,13,400,239,231,3930,1965,0.544,0.512,0.516,0.508,0.4935,0.49112721819545113,1,2204,2268,0.6802469135802469,0.6923076923076923,0.5975,0.5775,0.7247453703703705,0.6927884615384616,13,True
4001,1323,2646,3934,72,3930,2,40,13,400,221,200,3930,1965,0.48,0.484,0.484,0.484,0.4885,0.49112721819545113,1,2130,1883,0.6574074074074074,0.5747863247863247,0.5525,0.5,0.670162037037037,0.5998168498168498,13,True
4001,3996,3991,3972,72,3930,2,40,13,400,214,224,3930,1965,0.52,0.488,0.504,0.486,0.488,0.49112721819545113,1,2276,2297,0.7024691358024692,0.7011599511599511,0.535,0.56,0.6489351851851852,0.6717948717948719,13,True
4001,865,1730,43,26,3976,2,40,13,400,208,191,3976,1989,0.552,0.524,0.504,0.515,0.494,0.4971257185703574,3,2213,1788,0.6830246913580247,0.5457875457875457,0.52,0.4775,0.6381234567901235,0.5795299145299145,13,True
4001,3263,3509,53,26,3976,2,40,13,400,220,200,3976,1988,0.528,0.508,0.542,0.512,0.511,0.49687578105473634,1,2190,2078,0.6759259259259259,0.6343101343101343,0.55,0.5,0.6749382716049384,0.6068376068376068,13,True
4001,3065,2129,274,26,3976,2,40,13,400,230,214,3976,1988,0.568,0.576,0.576,0.528,0.507,0.49687578105473634,1,2281,2022,0.7040123456790124,0.6172161172161172,0.575,0.535,0.7056172839506172,0.6493162393162394,13,True
4001,2952,1903,286,26,3976,2,40,13,400,220,228,3976,1988,0.488,0.488,0.48,0.487,0.4955,0.49687578105473634,1,2159,2237,0.6663580246913581,0.6828449328449329,0.55,0.57,0.6749382716049384,0.6917948717948718,13,True
4001,143,286,418,26,3976,2,40,13,400,219,215,3976,1988,0.408,0.476,0.492,0.51,0.4935,0.49687578105473634,1,2198,2083,0.678395061728395,0.6358363858363858,0.5475,0.5375,0.6718703703703705,0.6523504273504274,13,True
4001,3983,3965,545,26,3976,2,40,13,400,237,220,3976,1989,0.488,0.492,0.494,0.505,0.504,0.4971257185703574,3,2219,2116,0.6848765432098766,0.645909645909646,0.5925,0.55,0.7270925925925926,0.6675213675213676,13,True
4001,2699,1397,569,26,3976,2,40,13,400,238,219,3976,1989,0.472,0.52,0.498,0.509,0.497,0.4971257185703574,3,2289,1995,0.7064814814814815,0.6089743589743589,0.595,0.5475,0.7301604938271604,0.6644871794871795,13,True
4001,3958,3915,643,26,3976,2,40,13,400,223,230,3976,1989,0.544,0.504,0.504,0.496,0.4975,0.4971257185703574,3,2225,2253,0.6867283950617284,0.6877289377289377,0.5575,0.575,0.684141975308642,0.6978632478632478,13,True
4001,1734,3468,720,26,3976,2,40,13,400,260,230,3976,1989,0.488,0.468,0.47,0.478,0.495,0.4971257185703574,3,2288,2184,0.7061728395061728,0.6666666666666666,0.65,0.575,0.7976543209876543,0.6978632478632478,13,True
4001,958,1916,852,26,3976,2,40,13,400,221,216,3976,1989,0.528,0.52,0.504,0.522,0.5015,0.4971257185703574,3,2166,2226,0.6685185185185185,0.6794871794871795,0.5525,0.54,0.6780061728395061,0.6553846153846153,13,True
4001,2378,755,945,26,3976,2,40,13,400,217,204,3976,1988,0.512,0.52,0.506,0.501,0.5075,0.49687578105473634,1,2237,1967,0.6904320987654321,0.6004273504273504,0.5425,0.51,0.6657345679012345,0.6189743589743589,13,True
4001,212,1475,1127,26,3976,2,40,13,400,229,242,3976,1988,0.48,0.496,0.476,0.481,0.5025,0.49687578105473634,1,2232,2222,0.6888888888888889,0.6782661782661783,0.5725,0.605,0.7025493827160495,0.7342735042735042,13,True
4001,1960,3920,1183,26,3976,2,40,13,400,212,210,3976,1988,0.536,0.504,0.492,0.479,0.4875,0.49687578105473634,1,2256,2121,0.6962962962962963,0.6474358974358975,0.53,0.525,0.6503950617283951,0.6371794871794872,13,True
4001,3888,3775,1247,26,3976,2,40,13,400,222,207,3976,1988,0.552,0.512,0.52,0.508,0.496,0.49687578105473634,1,2223,2138,0.6861111111111111,0.6526251526251526,0.555,0.5175,0.6810740740740742,0.6280769230769231,13,True
4001,3219,2146,1257,26,3976,2,40,13,400,221,207,3976,1988,0.496,0.516,0.5,0.484,0.494,0.49687578105473634,1,2271,1954,0.700925925925926,0.5964590964590964,0.5525,0.5175,0.6780061728395061,0.6280769230769231,13,True
4001,1164,776,1343,26,3976,2,40,13,400,244,199,3976,1988,0.496,0.48,0.484,0.498,0.4935,0.49687578105473634,1,2280,2109,0.7037037037037037,0.6437728937728938,0.61,0.4975,0.748567901234568,0.6038034188034188,13,True
4001,3195,2389,1490,26,3976,2,40,13,400,236,222,3976,1988,0.528,0.496,0.502,0.514,0.5005,0.49687578105473634,1,2256,2178,0.6962962962962963,0.6648351648351648,0.59,0.555,0.7240246913580246,0.6735897435897437,13,True
4001,1236,824,1501,26,3976,2,40,13,400,199,205,3976,1988,0.608,0.576,0.536,0.513,0.502,0.49687578105473634,1,2220,2169,0.6851851851851852,0.6620879120879121,0.4975,0.5125,0.6105123456790124,0.6220085470085469,13,True
4001,689,1793,1628,26,3976,2,40,13,400,239,218,3976,1989,0.48,0.508,0.492,0.482,0.488,0.4971257185703574,3,2279,2022,0.703395061728395,0.6172161172161172,0.5975,0.545,0.7332283950617285,0.6614529914529915,13,True
4001,691,3128,1709,26,3976,2,40,13,400,229,215,3976,1989,0.456,0.444,0.45,0.501,0.5075,0.4971257185703574,3,2262,2110,0.6981481481481482,0.6440781440781441,0.5725,0.5375,0.7025493827160495,0.6523504273504274,13,True
4001,1314,876,1879,26,3976,2,40,13,400,237,225,3976,1988,0.512,0.492,0.484,0.492,0.49,0.49687578105473634,1,2189,2202,0.6756172839506173,0.6721611721611722,0.5925,0.5625,0.7270925925925926,0.6826923076923077,13,True
4001,2682,1788,1963,26,3976,2,40,13,400,211,214,3976,1989,0.456,0.492,0.498,0.52,0.506,0.4971257185703574,3,2216,1992,0.6839506172839506,0.608058608058608,0.5275,0.535,0.6473271604938271,0.6493162393162394,13,True
4001,1113,2226,2024,26,3976,2,40,13,400,235,204,3976,1988,0.544,0.516,0.508,0.508,0.4925,0.49687578105473634,1,2218,2095,0.6845679012345679,0.6394993894993894,0.5875,0.51,0.7209567901234568,0.6189743589743589,13,True
4001,2010,19,2094,26,3976,2,40,13,400,223,218,3976,1988,0.464,0.448,0.464,0.471,0.4875,0.49687578105473634,1,2187,2196,0.675,0.6703296703296703,0.5575,0.545,0.684141975308642,0.6614529914529915,13,True
4001,1296,2592,2101,26,3976,2,40,13,400,239,217,3976,1988,0.52,0.528,0.518,0.518,0.5165,0.49687578105473634,1,2312,2114,0.7135802469135802,0.6452991452991453,0.5975,0.5425,0.7332283950617285,0.6584188034188034,13,True
4001,3880,1253,2111,26,3976,2,40,13,400,207,215,3976,1989,0.464,0.488,0.524,0.513,0.4955,0.4971257185703574,3,2205,2218,0.6805555555555556,0.6770451770451771,0.5175,0.5375,0.6350555555555555,0.6523504273504274,13,True
4001,3329,3553,2274,26,3976,2,40,13,400,224,223,3976,1988,0.456,0.464,0.47,0.481,0.508,0.49687578105473634,1,2256,2214,0.6962962962962963,0.6758241758241759,0.56,0.5575,0.68720987654321,0.6766239316239316,13,True
4001,2853,1902,2365,26,3976,2,40,13,400,219,231,3976,1989,0.432,0.464,0.47,0.471,0.492,0.4971257185703574,3,2261,2187,0.6978395061728395,0.6675824175824175,0.5475,0.5775,0.6718703703703705,0.7008974358974358,13,True
4001,3060,2040,2416,26,3976,2,40,13,400,236,224,3976,1988,0.512,0.456,0.486,0.504,0.5,0.49687578105473634,1,2239,2274,0.6910493827160494,0.6941391941391941,0.59,0.56,0.7240246913580246,0.6796581196581197,13,True
4001,3769,3537,2424,26,3976,2,40,13,400,230,224,3976,1988,0.528,0.52,0.504,0.516,0.497,0.49687578105473634,1,2270,2220,0.7006172839506173,0.6776556776556777,0.575,0.56,0.7056172839506172,0.6796581196581197,13,True
4001,2661,1321,2568,26,3976,2,40,13,400,226,195,3976,1988,0.584,0.532,0.524,0.51,0.4985,0.49687578105473634,1,2200,1946,0.6790123456790124,0.594017094017094,0.565,0.4875,0.6933456790123456,0.5916666666666667,13,True
4001,3086,3391,2576,26,3976,2,40,13,400,239,216,3976,1988,0.48,0.476,0.482,0.505,0.499,0.49687578105473634,1,2226,2064,0.687037037037037,0.63003663003663,0.5975,0.54,0.7332283950617285,0.6553846153846153,13,True
4001,2026,17,2599,26,3976,2,40,13,400,222,225,3976,1988,0.488,0.524,0.494,0.512,0.4985,0.49687578105473634,1,2258,2081,0.6969135802469136,0.6352258852258852,0.555,0.5625,0.6810740740740742,0.6826923076923077,13,True
4001,210,140,2718,26,3976,2,40,13,400,228,229,3976,1988,0.496,0.52,0.514,0.486,0.4895,0.49687578105473634,1,2267,2187,0.6996913580246914,0.6675824175824175,0.57,0.5725,0.6994814814814814,0.6948290598290598,13,True
4001,3148,2295,2792,26,3976,2,40,13,400,220,217,3976,1989,0.512,0.54,0.494,0.493,0.491,0.4971257185703574,3,2172,2202,0.6703703703703704,0.6721611721611722,0.55,0.5425,0.6749382716049384,0.6584188034188034,13,True
4001,2956,1911,2835,26,3976,2,40,13,400,237,223,3976,1989,0.488,0.452,0.464,0.492,0.4965,0.4971257185703574,3,2275,2060,0.7021604938271605,0.6288156288156288,0.5925,0.5575,0.7270925925925926,0.6766239316239316,13,True
4001,3890,3779,2855,26,3976,2,40,13,400,229,199,3976,1988,0.576,0.524,0.512,0.504,0.506,0.49687578105473634,1,2153,1947,0.6645061728395062,0.5943223443223443,0.5725,0.4975,0.7025493827160495,0.6038034188034188,13,True
4001,2144,287,2921,26,3976,2,40,13,400,204,209,3976,1988,0.544,0.504,0.51,0.508,0.4975,0.49687578105473634,1,2084,2107,0.6432098765432098,0.6431623931623932,0.51,0.5225,0.6258518518518519,0.6341452991452992,13,True
4001,1313,2626,2995,26,3976,2,40,13,400,211,199,3976,1988,0.512,0.484,0.494,0.502,0.5055,0.49687578105473634,1,2232,1984,0.6888888888888889,0.6056166056166056,0.5275,0.4975,0.6473271604938271,0.6038034188034188,13,True
4001,2716,477,3099,26,3976,2,40,13,400,230,242,3976,1988,0.472,0.476,0.508,0.484,0.5,0.49687578105473634,1,2211,2242,0.6824074074074075,0.6843711843711844,0.575,0.605,0.7056172839506172,0.7342735042735042,13,True
4001,338,676,3365,26,3976,2,40,13,400,232,223,3976,1988,0.464,0.508,0.49,0.497,0.4895,0.49687578105473634,1,2234,2245,0.6895061728395062,0.6852869352869353,0.58,0.5575,0.7117530864197531,0.6766239316239316,13,True
4001,1774,3548,3466,26,3976,2,40,13,400,224,206,3976,1988,0.424,0.48,0.476,0.489,0.491,0.49687578105473634,1,2242,2049,0.6919753086419753,0.6254578754578755,0.56,0.515,0.68720987654321,0.6250427350427351,13,True
4001,2259,1506,3636,26,3976,2,40,13,400,215,210,3976,1988,0.512,0.48,0.508,0.511,0.5035,0.49687578105473634,1,2192,2095,0.6765432098765433,0.6394993894993894,0.5375,0.525,0.6595987654320987,0.6371794871794872,13,True
4001,1759,3840,3637,26,3976,2,40,13,400,226,199,3976,1988,0.504,0.496,0.498,0.491,0.4895,0.49687578105473634,1,2256,2110,0.6962962962962963,0.6440781440781441,0.565,0.4975,0.6933456790123456,0.6038034188034188,13,True
4001,1999,3998,3664,26,3976,2,40,13,400,223,224,3976,1989,0.544,0.536,0.532,0.497,0.499,0.4971257185703574,3,2234,2099,0.6895061728395062,0.6407203907203908,0.5575,0.56,0.684141975308642,0.6796581196581197,13,True
4001,2052,103,3784,26,3976,2,40,13,400,226,195,3976,1989,0.536,0.516,0.514,0.509,0.4965,0.4971257185703574,3,2206,1865,0.6808641975308642,0.5692918192918193,0.565,0.4875,0.6933456790123456,0.5916666666666667,13,True
4001,3046,697,3818,26,3976,2,40,13,400,220,198,3976,1988,0.472,0.472,0.502,0.51,0.4955,0.49687578105473634,1,2254,2060,0.695679012345679,0.6288156288156288,0.55,0.495,0.6749382716049384,0.6007692307692307,13,True
4001,445,890,3867,26,3976,2,40,13,400,233,208,3976,1989,0.464,0.476,0.514,0.505,0.5025,0.4971257185703574,3,2279,2158,0.703395061728395,0.6587301587301587,0.5825,0.52,0.714820987654321,0.6311111111111111,13,True
4001,1537,3074,20,94,3908,2,40,13,400,223,225,3908,1955,0.544,0.5,0.486,0.484,0.483,0.4886278430392402,3,2220,2176,0.6851851851851852,0.6642246642246642,0.5575,0.5625,0.6724413580246914,0.6710164835164835,13,True
4001,1311,874,25,94,3908,2,40,13,400,201,217,3908,1954,0.336,0.46,0.5,0.481,0.4855,0.4883779055236191,1,2210,1954,0.6820987654320988,0.5964590964590964,0.5025,0.5425,0.6061018518518517,0.6471581196581198,13,True
4001,3435,2869,85,94,3908,2,40,13,400,226,214,3908,1954,0.472,0.452,0.468,0.482,0.491,0.4883779055236191,1,2216,2161,0.6839506172839506,0.6596459096459096,0.565,0.535,0.6814876543209877,0.6382112332112333,13,True
4001,2200,133,102,94,3908,2,40,13,400,210,195,3908,1955,0.512,0.524,0.538,0.516,0.4985,0.4886278430392402,3,2114,1900,0.6524691358024691,0.57997557997558,0.525,0.4875,0.6332407407407408,0.581547619047619,13,True
4001,3519,3037,151,94,3908,2,40,13,400,236,242,3908,1955,0.416,0.448,0.456,0.463,0.4795,0.4886278430392402,3,2223,2242,0.6861111111111111,0.6843711843711844,0.59,0.605,0.7116419753086419,0.7217155067155068,13,True
4001,3297,2593,414,94,3908,2,40,13,400,230,203,3908,1954,0.456,0.508,0.506,0.494,0.4855,0.4883779055236191,1,2246,2022,0.6932098765432099,0.6172161172161172,0.575,0.5075,0.6935493827160494,0.6054059829059828,13,True
4001,3864,3727,479,94,3908,2,40,13,400,219,195,3908,1954,0.552,0.52,0.486,0.487,0.4845,0.4883779055236191,1,2199,1986,0.6787037037037037,0.6062271062271062,0.5475,0.4875,0.6603796296296297,0.581547619047619,13,True
4001,3872,3915,626,94,3908,2,40,13,400,224,221,3908,1955,0.496,0.48,0.514,0.512,0.4925,0.4886278430392402,3,2234,2174,0.6895061728395062,0.6636141636141636,0.56,0.5525,0.6754567901234568,0.6590873015873016,13,True
4001,2389,259,749,94,3908,2,40,13,400,239,226,3908,1954,0.512,0.496,0.49,0.494,0.486,0.4883779055236191,1,2228,2208,0.6876543209876543,0.673992673992674,0.5975,0.565,0.7206882716049383,0.673998778998779,13,True
4001,3678,2452,944,94,3908,2,40,13,400,240,203,3908,1955,0.544,0.544,0.536,0.491,0.4885,0.4886278430392402,3,2215,2086,0.683641975308642,0.6367521367521367,0.6,0.5075,0.7237037037037036,0.6054059829059828,13,True
4001,1672,3344,987,94,3908,2,40,13,400,222,228,3908,1954,0.456,0.484,0.492,0.495,0.4935,0.4883779055236191,1,2219,2203,0.6848765432098766,0.6724664224664225,0.555,0.57,0.669425925925926,0.6799633699633699,13,True
4001,1257,838,1038,94,3908,2,40,13,400,222,203,3908,1955,0.536,0.496,0.522,0.507,0.4985,0.4886278430392402,3,2197,2187,0.6780864197530864,0.6675824175824175,0.555,0.5075,0.669425925925926,0.6054059829059828,13,True
4001,1859,2573,1231,94,3908,2,40,13,400,240,218,3908,1955,0.52,0.528,0.492,0.475,0.4895,0.4886278430392402,3,2226,2139,0.687037037037037,0.6529304029304029,0.6,0.545,0.7237037037037036,0.6501404151404152,13,True
4001,3186,2124,1557,94,3908,2,40,13,400,243,191,3908,1955,0.416,0.492,0.482,0.484,0.4835,0.4886278430392402,3,2207,1974,0.6811728395061728,0.6025641025641025,0.6075,0.4775,0.73275,0.5696184371184371,13,True
4001,1831,3888,1651,94,3908,2,40,13,400,237,228,3908,1954,0.48,0.464,0.48,0.479,0.473,0.4883779055236191,1,2183,2158,0.6737654320987654,0.6587301587301587,0.5925,0.57,0.7146574074074075,0.6799633699633699,13,True
4001,3154,2307,1902,94,3908,2,40,13,400,235,224,3908,1954,0.48,0.508,0.5,0.515,0.488,0.4883779055236191,1,2196,2052,0.6777777777777778,0.6263736263736264,0.5875,0.56,0.7086265432098766,0.668034188034188,13,True
4001,3672,2448,2063,94,3908,2,40,13,400,245,219,3908,1954,0.4,0.448,0.5,0.48,0.487,0.4883779055236191,1,2213,2112,0.6830246913580247,0.6446886446886447,0.6125,0.5475,0.7387808641975309,0.6531227106227107,13,True
4001,2687,1373,2100,94,3908,2,40,13,400,231,207,3908,1954,0.52,0.492,0.522,0.5,0.497,0.4883779055236191,1,2223,2045,0.6861111111111111,0.6242368742368742,0.5775,0.5175,0.6965648148148148,0.6173351648351648,13,True
4001,3492,2328,2355,94,3908,2,40,13,400,228,219,3908,1955,0.552,0.548,0.54,0.533,0.492,0.4886278430392402,3,2209,2070,0.6817901234567901,0.6318681318681318,0.57,0.5475,0.6875185185185185,0.6531227106227107,13,True
4001,3987,2658,2563,94,3908,2,40,13,400,232,220,3908,1954,0.464,0.476,0.478,0.481,0.4875,0.4883779055236191,1,2293,2182,0.707716049382716,0.666056166056166,0.58,0.55,0.6995802469135802,0.6561050061050061,13,True
4001,2766,1531,2747,94,3908,2,40,13,400,218,200,3908,1954,0.528,0.52,0.502,0.488,0.4835,0.4883779055236191,1,2229,2022,0.687962962962963,0.6172161172161172,0.545,0.5,0.6573641975308643,0.5964590964590964,13,True
4001,3994,1329,3024,94,3908,2,40,13,400,245,250,3908,1955,0.424,0.46,0.46,0.485,0.4865,0.4886278430392402,3,2245,2077,0.6929012345679012,0.634004884004884,0.6125,0.625,0.7387808641975309,0.7455738705738706,13,True
4001,2938,1875,3117,94,3908,2,40,13,400,231,232,3908,1954,0.448,0.504,0.496,0.498,0.4925,0.4883779055236191,1,2189,2259,0.6756172839506173,0.6895604395604396,0.5775,0.58,0.6965648148148148,0.6918925518925518,13,True
4001,4000,1333,3137,94,3908,2,40,13,400,245,234,3908,1955,0.504,0.492,0.52,0.509,0.4895,0.4886278430392402,3,2250,2271,0.6944444444444444,0.6932234432234432,0.6125,0.585,0.7387808641975309,0.6978571428571428,13,True
4001,2104,207,3302,94,3908,2,40,13,400,241,206,3908,1955,0.448,0.504,0.504,0.489,0.487,0.4886278430392402,3,2208,2053,0.6814814814814815,0.6266788766788767,0.6025,0.515,0.7267191358024692,0.6143528693528694,13,True
4001,3629,3753,3401,94,3908,2,40,13,400,226,219,3908,1954,0.384,0.464,0.478,0.498,0.5005,0.4883779055236191,1,2206,2189,0.6808641975308642,0.6681929181929182,0.565,0.5475,0.6814876543209877,0.6531227106227107,13,True
4001,2468,2979,3473,94,3908,2,40,13,400,222,217,3908,1954,0.552,0.572,0.514,0.507,0.505,0.4883779055236191,1,2124,2195,0.6555555555555556,0.67002442002442,0.555,0.5425,0.669425925925926,0.6471581196581198,13,True
4001,1944,3888,3513,94,3908,2,40,13,400,222,240,3908,1955,0.472,0.476,0.468,0.48,0.4795,0.4886278430392402,3,2231,2062,0.6885802469135802,0.6294261294261294,0.555,0.6,0.669425925925926,0.7157509157509157,13,True
4001,1897,3794,3750,94,3908,2,40,13,400,232,174,3908,1954,0.512,0.524,0.512,0.503,0.487,0.4883779055236191,1,2204,1813,0.6802469135802469,0.5534188034188035,0.58,0.435,0.6995802469135802,0.5189194139194139,13,True
4001,3691,1127,3791,94,3908,2,40,13,400,257,213,3908,1955,0.48,0.508,0.486,0.492,0.5035,0.4886278430392402,3,2301,2075,0.7101851851851851,0.6333943833943834,0.6425,0.5325,0.774966049382716,0.6352289377289376,13,True
4001,1782,3564,3852,94,3908,2,40,13,400,225,226,3908,1955,0.52,0.472,0.478,0.497,0.496,0.4886278430392402,3,2165,2210,0.6682098765432098,0.6746031746031746,0.5625,0.565,0.6784722222222223,0.673998778998779,13,True
4001,2347,231,3997,94,3908,2,40,13,400,236,211,3908,1955,0.504,0.484,0.486,0.49,0.493,0.4886278430392402,3,2220,2116,0.6851851851851852,0.645909645909646,0.59,0.5275,0.7116419753086419,0.6292643467643467,13,True
4001,3838,1225,160,9,3993,2,40,13,400,225,224,3993,1996,0.44,0.504,0.522,0.503,0.505,0.4988752811797051,0,2224,2086,0.6864197530864198,0.6367521367521367,0.5625,0.56,0.6932291666666667,0.6825641025641027,13,True
4001,1209,2418,253,9,3993,2,40,13,400,214,191,3993,1996,0.52,0.556,0.53,0.523,0.4975,0.4988752811797051,0,2270,1936,0.7006172839506173,0.590964590964591,0.535,0.4775,0.659337962962963,0.5820077838827838,13,True
4001,2672,3115,356,9,3993,2,40,13,400,216,196,3993,1996,0.472,0.488,0.508,0.498,0.509,0.4988752811797051,0,2178,2162,0.6722222222222223,0.6599511599511599,0.54,0.49,0.6655000000000001,0.5972435897435897,13,True
4001,1650,3300,419,9,3993,2,40,13,400,202,207,3993,1996,0.512,0.512,0.512,0.522,0.4915,0.4988752811797051,0,2152,1980,0.6641975308641975,0.6043956043956044,0.505,0.5175,0.6223657407407407,0.6307623626373626,13,True
4001,1828,3886,838,9,3993,2,40,13,400,249,164,3993,1996,0.472,0.464,0.47,0.506,0.498,0.4988752811797051,0,2286,1786,0.7055555555555556,0.5451770451770451,0.6225,0.41,0.7671736111111113,0.4997344322344322,13,True
4001,3721,3441,1011,9,3993,2,40,13,400,237,222,3993,1996,0.552,0.54,0.518,0.498,0.509,0.4988752811797051,0,2226,2134,0.687037037037037,0.6514041514041514,0.5925,0.555,0.7302013888888889,0.6764697802197803,13,True
4001,1207,2414,1139,9,3993,2,40,13,400,223,224,3993,1996,0.48,0.484,0.466,0.466,0.4865,0.4988752811797051,0,2196,2196,0.6777777777777778,0.6703296703296703,0.5575,0.56,0.6870671296296296,0.6825641025641027,13,True
4001,3161,2321,1372,9,3993,2,40,13,400,210,183,3993,1996,0.52,0.56,0.512,0.498,0.5,0.4988752811797051,0,2230,1992,0.6882716049382716,0.608058608058608,0.525,0.4575,0.647013888888889,0.5576304945054945,13,True
4001,3351,2234,1433,9,3993,2,40,13,400,211,219,3993,1996,0.544,0.536,0.518,0.517,0.4975,0.4988752811797051,0,2192,2172,0.6765432098765433,0.663003663003663,0.5275,0.5475,0.6500949074074074,0.6673282967032967,13,True
4001,3156,2311,1472,9,3993,2,40,13,400,204,195,3993,1996,0.48,0.48,0.488,0.501,0.495,0.4988752811797051,0,2178,2012,0.6722222222222223,0.6141636141636142,0.51,0.4875,0.6285277777777778,0.5941964285714285,13,True
4001,2760,1519,1483,9,3993,2,40,13,400,227,222,3993,1996,0.456,0.472,0.478,0.503,0.4975,0.4988752811797051,0,2258,2074,0.6969135802469136,0.6330891330891331,0.5675,0.555,0.6993912037037038,0.6764697802197803,13,True
4001,3100,733,1511,9,3993,2,40,13,400,226,197,3993,1996,0.568,0.552,0.526,0.511,0.4995,0.4988752811797051,0,2178,1930,0.6722222222222223,0.5891330891330891,0.565,0.4925,0.6963101851851851,0.6002907509157509,13,True
4001,3482,2963,2018,9,3993,2,40,13,400,227,201,3993,1996,0.536,0.512,0.534,0.515,0.514,0.4988752811797051,0,2298,2158,0.7092592592592593,0.6587301587301587,0.5675,0.5025,0.6993912037037038,0.6124793956043956,13,True
4001,1795,3590,2023,9,3993,2,40,13,400,209,190,3993,1996,0.528,0.464,0.476,0.487,0.49,0.4988752811797051,0,2258,2018,0.6969135802469136,0.615995115995116,0.5225,0.475,0.6439328703703703,0.5789606227106227,13,True
4001,2501,1001,2216,9,3993,2,40,13,400,229,195,3993,1996,0.592,0.536,0.534,0.514,0.4925,0.4988752811797051,0,2140,2082,0.6604938271604939,0.6355311355311355,0.5725,0.4875,0.7055532407407407,0.5941964285714285,13,True
4001,1779,3558,2513,9,3993,2,40,13,400,222,216,3993,1996,0.504,0.512,0.51,0.522,0.5075,0.4988752811797051,0,2250,2090,0.6944444444444444,0.6379731379731379,0.555,0.54,0.6839861111111112,0.6581868131868133,13,True
4001,1013,2009,2542,9,3993,2,40,13,400,211,227,3993,1996,0.504,0.488,0.512,0.486,0.492,0.4988752811797051,0,2230,2268,0.6882716049382716,0.6923076923076923,0.5275,0.5675,0.6500949074074074,0.6917055860805861,13,True
4001,2989,1977,2604,9,3993,2,40,13,400,236,225,3993,1996,0.472,0.552,0.54,0.529,0.499,0.4988752811797051,0,2220,2132,0.6851851851851852,0.6507936507936508,0.59,0.5625,0.7271203703703704,0.6856112637362637,13,True
4001,3945,3889,2647,9,3993,2,40,13,400,217,211,3993,1996,0.52,0.516,0.528,0.508,0.4945,0.4988752811797051,0,2196,2016,0.6777777777777778,0.6153846153846154,0.5425,0.5275,0.6685810185185185,0.6429510073260073,13,True
4001,1973,3946,3017,9,3993,2,40,13,400,213,177,3993,1996,0.536,0.54,0.524,0.511,0.497,0.4988752811797051,0,2218,1930,0.6845679012345679,0.5891330891330891,0.5325,0.4425,0.6562569444444445,0.5393475274725275,13,True
4001,3466,2931,3080,9,3993,2,40,13,400,220,199,3993,1996,0.456,0.5,0.534,0.499,0.5025,0.4988752811797051,0,2216,1920,0.6839506172839506,0.5860805860805861,0.55,0.4975,0.6778240740740741,0.6063850732600733,13,True
4001,1394,2788,3179,9,3993,2,40,13,400,232,249,3993,1996,0.456,0.496,0.494,0.482,0.4845,0.4988752811797051,0,2236,2266,0.6901234567901234,0.6916971916971917,0.58,0.6225,0.7147962962962963,0.758743131868132,13,True
4001,1729,3820,3379,9,3993,2,40,13,400,232,212,3993,1996,0.472,0.46,0.48,0.493,0.497,0.4988752811797051,0,2212,2126,0.682716049382716,0.648962148962149,0.58,0.53,0.7147962962962963,0.6459981684981685,13,True
4001,3984,3967,3464,9,3993,2,40,13,400,232,200,3993,1996,0.536,0.504,0.506,0.494,0.4945,0.4988752811797051,0,2238,2068,0.6907407407407408,0.6312576312576312,0.58,0.5,0.7147962962962963,0.6094322344322345,13,True
4001,1184,2368,3500,9,3993,2,40,13,400,235,225,3993,1996,0.464,0.48,0.49,0.494,0.502,0.4988752811797051,0,2264,2248,0.6987654320987654,0.6862026862026862,0.5875,0.5625,0.724039351851852,0.6856112637362637,13,True
4001,2934,1956,3598,9,3993,2,40,13,400,216,210,3993,1996,0.528,0.5,0.494,0.486,0.4985,0.4988752811797051,0,2262,1990,0.6981481481481482,0.6074481074481074,0.54,0.525,0.6655000000000001,0.6399038461538462,13,True
4001,3665,3329,3627,9,3993,2,40,13,400,220,239,3993,1996,0.584,0.544,0.53,0.526,0.495,0.4988752811797051,0,2260,2260,0.6975308641975309,0.6898656898656899,0.55,0.5975,0.6778240740740741,0.7282715201465202,13,True
4001,23,1349,3683,9,3993,2,40,13,400,218,195,3993,1996,0.6,0.552,0.534,0.523,0.5025,0.4988752811797051,0,2190,2194,0.6759259259259259,0.6697191697191697,0.545,0.4875,0.671662037037037,0.5941964285714285,13,True
4001,462,924,3719,9,3993,2,40,13,400,228,186,3993,1996,0.432,0.452,0.468,0.502,0.4955,0.4988752811797051,0,2248,1950,0.6938271604938272,0.5952380952380952,0.57,0.465,0.7024722222222222,0.5667719780219781,13,True
4001,2755,503,3789,9,3993,2,40,13,400,236,206,3993,1996,0.512,0.532,0.518,0.504,0.497,0.4988752811797051,0,2300,2116,0.7098765432098766,0.645909645909646,0.59,0.515,0.7271203703703704,0.6277152014652014,13,True
4001,501,1002,3822,9,3993,2,40,13,400,210,202,3993,1996,0.512,0.492,0.518,0.493,0.4945,0.4988752811797051,0,2170,1954,0.6697530864197531,0.5964590964590964,0.525,0.505,0.647013888888889,0.6155265567765568,13,True
4001,587,1725,51,-69,4071,2,40,13,400,207,218,4071,2035,0.52,0.536,0.516,0.513,0.5075,0.5086228442889278,0,2262,2234,0.6981481481481482,0.681929181929182,0.5175,0.545,0.6502291666666666,0.677257326007326,13,True
4001,1950,3900,138,-69,4071,2,40,13,400,219,185,4071,2035,0.56,0.536,0.484,0.516,0.5135,0.5086228442889278,0,2194,1962,0.6771604938271605,0.5989010989010989,0.5475,0.4625,0.6879236111111111,0.5747367216117216,13,True
4001,3916,3831,187,-69,4071,2,40,13,400,229,199,4071,2035,0.536,0.544,0.542,0.514,0.515,0.5086228442889278,0,2236,2054,0.6901234567901234,0.626984126984127,0.5725,0.4975,0.7193356481481482,0.6182303113553114,13,True
4001,711,474,275,-69,4071,2,40,13,400,239,210,4071,2035,0.504,0.504,0.522,0.508,0.508,0.5086228442889278,0,2260,2068,0.6975308641975309,0.6312576312576312,0.5975,0.525,0.7507476851851852,0.6524038461538462,13,True
4001,430,2954,330,-69,4071,2,40,13,400,218,186,4071,2035,0.576,0.536,0.51,0.509,0.5025,0.5086228442889278,0,2238,2066,0.6907407407407408,0.6306471306471306,0.545,0.465,0.6847824074074075,0.5778434065934066,13,True
4001,2976,1951,997,-69,4071,2,40,13,400,226,219,4071,2035,0.464,0.484,0.468,0.494,0.514,0.5086228442889278,0,2250,2128,0.6944444444444444,0.6495726495726496,0.565,0.5475,0.709912037037037,0.680364010989011,13,True
4001,1377,918,1098,-69,4071,2,40,13,400,224,218,4071,2035,0.512,0.524,0.504,0.502,0.505,0.5086228442889278,0,2210,2214,0.6820987654320988,0.6758241758241759,0.56,0.545,0.7036296296296297,0.677257326007326,13,True
4001,1633,3266,1160,-69,4071,2,40,13,400,213,197,4071,2035,0.408,0.468,0.486,0.499,0.505,0.5086228442889278,0,2276,2114,0.7024691358024692,0.6452991452991453,0.5325,0.4925,0.6690763888888889,0.6120169413919414,13,True
4001,1929,1286,1278,-69,4071,2,40,13,400,235,210,4071,2035,0.576,0.56,0.57,0.526,0.517,0.5086228442889278,0,2312,2120,0.7135802469135802,0.6471306471306472,0.5875,0.525,0.7381828703703704,0.6524038461538462,13,True
4001,2163,325,1334,-69,4071,2,40,13,400,227,206,4071,2035,0.496,0.476,0.514,0.527,0.5075,0.5086228442889278,0,2288,2094,0.7061728395061728,0.6391941391941391,0.5675,0.515,0.7130532407407407,0.6399771062271062,13,True
4001,1951,3902,1401,-69,4071,2,40,13,400,218,214,4071,2035,0.472,0.484,0.52,0.502,0.5145,0.5086228442889278,0,2300,2250,0.7098765432098766,0.6868131868131868,0.545,0.535,0.6847824074074075,0.6648305860805861,13,True
4001,2353,235,1916,-69,4071,2,40,13,400,223,203,4071,2035,0.472,0.464,0.486,0.493,0.5025,0.5086228442889278,0,2186,2202,0.6746913580246914,0.6721611721611722,0.5575,0.5075,0.700488425925926,0.6306570512820512,13,True
4001,1783,3856,1976,-69,4071,2,40,13,400,215,217,4071,2035,0.544,0.556,0.518,0.497,0.503,0.5086228442889278,0,2192,2156,0.6765432098765433,0.6581196581196581,0.5375,0.5425,0.6753587962962962,0.674150641025641,13,True
4001,2283,565,1978,-69,4071,2,40,13,400,225,210,4071,2035,0.568,0.552,0.556,0.511,0.5165,0.5086228442889278,0,2286,2192,0.7055555555555556,0.6691086691086691,0.5625,0.525,0.7067708333333333,0.6524038461538462,13,True
4001,2740,1479,2317,-69,4071,2,40,13,400,216,218,4071,2035,0.496,0.516,0.512,0.505,0.516,0.5086228442889278,0,2288,2226,0.7061728395061728,0.6794871794871795,0.54,0.545,0.6785,0.677257326007326,13,True
4001,1746,3492,2575,-69,4071,2,40,13,400,215,204,4071,2035,0.52,0.508,0.498,0.513,0.515,0.5086228442889278,0,2254,2120,0.695679012345679,0.6471306471306472,0.5375,0.51,0.6753587962962962,0.6337637362637363,13,True
4001,2289,577,2620,-69,4071,2,40,13,400,198,206,4071,2035,0.536,0.504,0.516,0.511,0.504,0.5086228442889278,0,2276,2014,0.7024691358024692,0.6147741147741148,0.495,0.515,0.6219583333333333,0.6399771062271062,13,True
4001,1682,3364,2691,-69,4071,2,40,13,400,224,206,4071,2035,0.528,0.532,0.542,0.525,0.517,0.5086228442889278,0,2264,2110,0.6987654320987654,0.6440781440781441,0.56,0.515,0.7036296296296297,0.6399771062271062,13,True
4001,113,1409,2925,-69,4071,2,40,13,400,216,224,4071,2035,0.488,0.46,0.488,0.495,0.495,0.5086228442889278,0,2254,2160,0.695679012345679,0.6593406593406593,0.54,0.56,0.6785,0.6958974358974359,13,True
4001,2482,321,2956,-69,4071,2,40,13,400,195,200,4071,2035,0.496,0.516,0.514,0.517,0.509,0.5086228442889278,0,2202,2074,0.6796296296296296,0.6330891330891331,0.4875,0.5,0.6125347222222222,0.6213369963369964,13,True
4001,312,208,2969,-69,4071,2,40,13,400,219,222,4071,2035,0.456,0.472,0.498,0.489,0.5,0.5086228442889278,0,2300,2168,0.7098765432098766,0.6617826617826618,0.5475,0.555,0.6879236111111111,0.689684065934066,13,True
4001,522,1044,3086,-69,4071,2,40,13,400,238,211,4071,2035,0.472,0.476,0.494,0.496,0.5165,0.5086228442889278,0,2292,2186,0.7074074074074074,0.6672771672771672,0.595,0.5275,0.7476064814814815,0.6555105311355311,13,True
4001,3028,685,3243,-69,4071,2,40,13,400,226,187,4071,2035,0.464,0.492,0.502,0.516,0.507,0.5086228442889278,0,2284,1910,0.7049382716049383,0.5830280830280831,0.565,0.4675,0.709912037037037,0.5809500915750916,13,True
4001,2059,39,3693,-69,4071,2,40,13,400,199,215,4071,2035,0.48,0.5,0.494,0.511,0.5045,0.5086228442889278,0,2246,2100,0.6932098765432099,0.6410256410256411,0.4975,0.5375,0.625099537037037,0.6679372710622711,13,True
4001,3679,3357,3907,-69,4071,2,40,13,400,228,200,4071,2035,0.568,0.528,0.508,0.517,0.5065,0.5086228442889278,0,2186,2104,0.6746913580246914,0.6422466422466423,0.57,0.5,0.7161944444444444,0.6213369963369964,13,True
4001,2371,247,509,-23,4025,2,40,13,400,207,189,4025,2012,0.52,0.516,0.54,0.514,0.511,0.5028742814296426,0,2232,1746,0.6888888888888889,0.532967032967033,0.5175,0.4725,0.6428819444444445,0.5805288461538461,13,True
4001,2818,545,566,-23,4025,2,40,13,400,212,213,4025,2012,0.44,0.456,0.486,0.5,0.5055,0.5028742814296426,0,2220,2118,0.6851851851851852,0.6465201465201466,0.53,0.5325,0.6584104938271605,0.6542467948717948,13,True
4001,1341,2682,641,-23,4025,2,40,13,400,224,206,4025,2012,0.472,0.464,0.48,0.47,0.4915,0.5028742814296426,0,2214,2150,0.6833333333333333,0.6562881562881563,0.56,0.515,0.695679012345679,0.6327457264957265,13,True
4001,2458,915,777,-23,4025,2,40,13,400,222,220,4025,2012,0.544,0.568,0.548,0.523,0.508,0.5028742814296426,0,2274,2248,0.7018518518518518,0.6862026862026862,0.555,0.55,0.6894675925925926,0.6757478632478633,13,True
4001,1276,2552,814,-23,4025,2,40,13,400,214,234,4025,2012,0.488,0.5,0.5,0.492,0.4985,0.5028742814296426,0,2174,2044,0.6709876543209876,0.6239316239316239,0.535,0.585,0.6646219135802469,0.71875,13,True
4001,2315,2877,1132,-23,4025,2,40,13,400,238,233,4025,2012,0.488,0.496,0.492,0.498,0.499,0.5028742814296426,0,2248,2220,0.6938271604938272,0.6776556776556777,0.595,0.5825,0.739158950617284,0.7156784188034188,13,True
4001,374,1583,1173,-23,4025,2,40,13,400,219,195,4025,2012,0.544,0.548,0.484,0.506,0.513,0.5028742814296426,0,2202,2056,0.6796296296296296,0.6275946275946276,0.5475,0.4875,0.680150462962963,0.5989583333333334,13,True
4001,3978,2652,1187,-23,4025,2,40,13,400,229,221,4025,2012,0.496,0.512,0.504,0.514,0.492,0.5028742814296426,0,2288,2214,0.7061728395061728,0.6758241758241759,0.5725,0.5525,0.711207561728395,0.6788194444444444,13,True
4001,121,2748,1299,-23,4025,2,40,13,400,235,227,4025,2012,0.504,0.496,0.494,0.523,0.5105,0.5028742814296426,0,2300,2272,0.7098765432098766,0.6935286935286935,0.5875,0.5675,0.7298418209876543,0.6972489316239316,13,True
4001,1689,3378,1449,-23,4025,2,40,13,400,227,217,4025,2012,0.464,0.496,0.494,0.489,0.491,0.5028742814296426,0,2228,2068,0.6876543209876543,0.6312576312576312,0.5675,0.5425,0.7049961419753087,0.6665331196581197,13,True
4001,1885,3924,1454,-23,4025,2,40,13,400,201,198,4025,2012,0.616,0.584,0.51,0.519,0.5065,0.5028742814296426,0,2228,2158,0.6876543209876543,0.6587301587301587,0.5025,0.495,0.6242476851851851,0.6081730769230769,13,True
4001,2212,141,1480,-23,4025,2,40,13,400,230,210,4025,2012,0.584,0.568,0.502,0.501,0.502,0.5028742814296426,0,2278,2158,0.7030864197530864,0.6587301587301587,0.575,0.525,0.7143132716049383,0.6450320512820513,13,True
4001,2285,569,1514,-23,4025,2,40,13,400,210,176,4025,2012,0.592,0.54,0.528,0.526,0.5225,0.5028742814296426,0,2170,1758,0.6697530864197531,0.5366300366300366,0.525,0.44,0.6521990740740741,0.5405982905982906,13,True
4001,3354,2707,1700,-23,4025,2,40,13,400,205,232,4025,2012,0.504,0.528,0.508,0.52,0.501,0.5028742814296426,0,2174,2144,0.6709876543209876,0.6544566544566545,0.5125,0.58,0.636670524691358,0.7126068376068376,13,True
4001,1565,2377,1888,-23,4025,2,40,13,400,238,203,4025,2012,0.536,0.512,0.52,0.502,0.4985,0.5028742814296426,0,2284,2058,0.7049382716049383,0.6282051282051282,0.595,0.5075,0.739158950617284,0.6235309829059829,13,True
4001,2590,1179,2178,-23,4025,2,40,13,400,245,230,4025,2012,0.512,0.476,0.48,0.478,0.4895,0.5028742814296426,0,2244,2172,0.6925925925925925,0.663003663003663,0.6125,0.575,0.7608989197530864,0.7064636752136753,13,True
4001,2380,759,2440,-23,4025,2,40,13,400,218,206,4025,2012,0.552,0.516,0.484,0.489,0.505,0.5028742814296426,0,2244,2114,0.6925925925925925,0.6452991452991453,0.545,0.515,0.6770447530864198,0.6327457264957265,13,True
4001,3254,2507,2593,-23,4025,2,40,13,400,202,225,4025,2012,0.544,0.5,0.494,0.506,0.507,0.5028742814296426,0,2216,2090,0.6839506172839506,0.6379731379731379,0.505,0.5625,0.6273533950617284,0.6911057692307693,13,True
4001,3378,2252,2614,-23,4025,2,40,13,400,213,201,4025,2012,0.408,0.48,0.496,0.501,0.4985,0.5028742814296426,0,2236,2152,0.6901234567901234,0.6568986568986569,0.5325,0.5025,0.6615162037037037,0.6173878205128205,13,True
4001,3499,2997,2618,-23,4025,2,40,13,400,228,187,4025,2012,0.56,0.512,0.494,0.501,0.523,0.5028742814296426,0,2222,1954,0.6858024691358025,0.5964590964590964,0.57,0.4675,0.7081018518518518,0.5743856837606838,13,True
4001,704,1408,2726,-23,4025,2,40,13,400,227,207,4025,2012,0.552,0.572,0.524,0.511,0.5195,0.5028742814296426,0,2212,2062,0.682716049382716,0.6294261294261294,0.5675,0.5175,0.7049961419753087,0.6358173076923077,13,True
4001,2829,1657,3460,-23,4025,2,40,13,400,216,204,4025,2012,0.464,0.456,0.482,0.504,0.507,0.5028742814296426,0,2284,2166,0.7049382716049383,0.6611721611721612,0.54,0.51,0.6708333333333333,0.6266025641025641,13,True
4001,3203,3469,3501,-23,4025,2,40,13,400,213,215,4025,2012,0.488,0.488,0.482,0.498,0.513,0.5028742814296426,0,2176,2038,0.671604938271605,0.6221001221001221,0.5325,0.5375,0.6615162037037037,0.6603899572649573,13,True
4001,2293,585,3667,-23,4025,2,40,13,400,232,193,4025,2012,0.496,0.52,0.514,0.525,0.5035,0.5028742814296426,0,2318,2154,0.7154320987654321,0.6575091575091575,0.58,0.4825,0.7205246913580247,0.5928151709401709,13,True
4001,179,1453,3722,-23,4025,2,40,13,400,231,225,4025,2012,0.496,0.464,0.502,0.512,0.5135,0.5028742814296426,0,2290,2100,0.7067901234567902,0.6410256410256411,0.5775,0.5625,0.7174189814814815,0.6911057692307693,13,True
4001,3208,805,43,-26,4028,2,40,13,400,221,196,4028,2015,0.512,0.476,0.496,0.508,0.506,0.5036240939765059,3,2219,2035,0.6848765432098766,0.6211843711843712,0.5525,0.49,0.6868734567901233,0.6024786324786325,13,True
4001,1360,2720,53,-26,4028,2,40,13,400,219,204,4028,2014,0.552,0.5,0.474,0.492,0.4875,0.5033741564608848,1,2232,1910,0.6888888888888889,0.5830280830280831,0.5475,0.51,0.6806574074074074,0.6270695970695971,13,True
4001,3897,2598,274,-26,4028,2,40,13,400,241,243,4028,2014,0.488,0.536,0.514,0.523,0.5015,0.5033741564608848,1,2234,2164,0.6895061728395062,0.6605616605616605,0.6025,0.6075,0.7490339506172841,0.7469505494505495,13,True
4001,328,2886,286,-26,4028,2,40,13,400,225,227,4028,2014,0.536,0.52,0.494,0.502,0.5105,0.5033741564608848,1,2267,2268,0.6996913580246914,0.6923076923076923,0.5625,0.5675,0.6993055555555555,0.6977686202686202,13,True
4001,905,1937,418,-26,4028,2,40,13,400,221,167,4028,2014,0.512,0.512,0.506,0.519,0.503,0.5033741564608848,1,2228,1778,0.6876543209876543,0.5427350427350427,0.5525,0.4175,0.6868734567901233,0.5133363858363857,13,True
4001,3999,2666,545,-26,4028,2,40,13,400,233,215,4028,2015,0.512,0.5,0.5,0.506,0.5115,0.5036240939765059,3,2239,2027,0.6910493827160494,0.6187423687423688,0.5825,0.5375,0.7241697530864197,0.6608821733821733,13,True
4001,1189,3460,569,-26,4028,2,40,13,400,251,209,4028,2015,0.424,0.468,0.464,0.49,0.5005,0.5036240939765059,3,2239,1974,0.6910493827160494,0.6025641025641025,0.6275,0.5225,0.7801141975308641,0.6424389499389498,13,True
4001,2218,145,643,-26,4028,2,40,13,400,236,243,4028,2015,0.464,0.5,0.516,0.507,0.504,0.5036240939765059,3,2212,2245,0.682716049382716,0.6852869352869353,0.59,0.6075,0.7334938271604938,0.7469505494505495,13,True
4001,2860,573,720,-26,4028,2,40,13,400,227,246,4028,2015,0.488,0.512,0.502,0.504,0.4975,0.5036240939765059,3,2241,2133,0.6916666666666667,0.6510989010989011,0.5675,0.615,0.7055216049382715,0.7561721611721611,13,True
4001,551,1701,852,-26,4028,2,40,13,400,225,223,4028,2015,0.48,0.472,0.49,0.508,0.495,0.5036240939765059,3,2235,2167,0.6898148148148148,0.6614774114774115,0.5625,0.5575,0.6993055555555555,0.685473137973138,13,True
4001,2487,1658,945,-26,4028,2,40,13,400,213,238,4028,2014,0.56,0.516,0.494,0.501,0.506,0.5033741564608848,1,2215,2234,0.683641975308642,0.681929181929182,0.5325,0.595,0.6620092592592592,0.7315811965811966,13,True
4001,1908,3816,1127,-26,4028,2,40,13,400,221,216,4028,2014,0.472,0.504,0.486,0.497,0.51,0.5033741564608848,1,2250,2235,0.6944444444444444,0.6822344322344323,0.5525,0.54,0.6868734567901233,0.663956043956044,13,True
4001,1996,3998,1183,-26,4028,2,40,13,400,234,217,4028,2014,0.464,0.508,0.494,0.487,0.492,0.5033741564608848,1,2187,2180,0.675,0.6654456654456654,0.585,0.5425,0.7272777777777777,0.6670299145299146,13,True
4001,432,288,1247,-26,4028,2,40,13,400,227,206,4028,2014,0.4,0.392,0.496,0.504,0.504,0.5033741564608848,1,2223,1932,0.6861111111111111,0.5897435897435898,0.5675,0.515,0.7055216049382715,0.6332173382173383,13,True
4001,964,1928,1257,-26,4028,2,40,13,400,205,205,4028,2014,0.432,0.42,0.458,0.479,0.493,0.5033741564608848,1,2145,2063,0.6620370370370371,0.6297313797313797,0.5125,0.5125,0.637145061728395,0.6301434676434676,13,True
4001,2474,947,1343,-26,4028,2,40,13,400,222,230,4028,2014,0.472,0.496,0.488,0.501,0.501,0.5033741564608848,1,2179,2221,0.6725308641975308,0.677960927960928,0.555,0.575,0.6899814814814816,0.7069902319902319,13,True
4001,355,2904,1490,-26,4028,2,40,13,400,210,190,4028,2014,0.568,0.504,0.49,0.499,0.496,0.5033741564608848,1,2218,1952,0.6845679012345679,0.5958485958485958,0.525,0.475,0.6526851851851853,0.5840354090354091,13,True
4001,3122,2243,1501,-26,4028,2,40,13,400,222,226,4028,2014,0.488,0.492,0.484,0.483,0.4925,0.5033741564608848,1,2226,2114,0.687037037037037,0.6452991452991453,0.555,0.565,0.6899814814814816,0.6946947496947496,13,True
4001,2200,399,1628,-26,4028,2,40,13,400,243,191,4028,2015,0.536,0.532,0.534,0.508,0.514,0.5036240939765059,3,2248,2074,0.6938271604938272,0.6330891330891331,0.6075,0.4775,0.7552500000000001,0.5871092796092796,13,True
4001,2218,435,1709,-26,4028,2,40,13,400,233,216,4028,2015,0.512,0.516,0.502,0.526,0.503,0.5036240939765059,3,2265,2080,0.6990740740740741,0.6349206349206349,0.5825,0.54,0.7241697530864197,0.663956043956044,13,True
4001,3824,3647,1879,-26,4028,2,40,13,400,226,193,4028,2014,0.504,0.496,0.516,0.519,0.5115,0.5033741564608848,1,2311,1868,0.7132716049382716,0.5702075702075702,0.565,0.4825,0.7024135802469135,0.5932570207570208,13,True
4001,132,264,1963,-26,4028,2,40,13,400,233,224,4028,2015,0.536,0.54,0.526,0.512,0.5065,0.5036240939765059,3,2269,2101,0.7003086419753086,0.6413308913308914,0.5825,0.56,0.7241697530864197,0.6885470085470087,13,True
4001,2791,527,2024,-26,4028,2,40,13,400,218,193,4028,2014,0.464,0.488,0.488,0.511,0.5185,0.5033741564608848,1,2259,1987,0.6972222222222222,0.6065323565323565,0.545,0.4825,0.6775493827160495,0.5932570207570208,13,True
4001,1557,1038,2094,-26,4028,2,40,13,400,230,198,4028,2014,0.584,0.54,0.538,0.51,0.5135,0.5033741564608848,1,2156,2120,0.6654320987654321,0.6471306471306472,0.575,0.495,0.7148456790123456,0.6086263736263736,13,True
4001,144,96,2101,-26,4028,2,40,13,400,207,214,4028,2014,0.488,0.476,0.482,0.502,0.497,0.5033741564608848,1,2206,2138,0.6808641975308642,0.6526251526251526,0.5175,0.535,0.643361111111111,0.6578083028083028,13,True
4001,2912,1823,2111,-26,4028,2,40,13,400,221,198,4028,2015,0.528,0.524,0.536,0.521,0.5025,0.5036240939765059,3,2212,2076,0.682716049382716,0.6336996336996337,0.5525,0.495,0.6868734567901233,0.6086263736263736,13,True
4001,1954,3908,2274,-26,4028,2,40,13,400,217,192,4028,2014,0.552,0.54,0.526,0.523,0.5025,0.5033741564608848,1,2199,2126,0.6787037037037037,0.648962148962149,0.5425,0.48,0.6744413580246914,0.5901831501831502,13,True
4001,1671,3342,2365,-26,4028,2,40,13,400,253,200,4028,2015,0.496,0.528,0.516,0.502,0.517,0.5036240939765059,3,2298,2098,0.7092592592592593,0.6404151404151404,0.6325,0.5,0.7863302469135801,0.6147741147741148,13,True
4001,3534,3067,2416,-26,4028,2,40,13,400,230,208,4028,2014,0.528,0.504,0.532,0.521,0.501,0.5033741564608848,1,2252,2118,0.6950617283950618,0.6465201465201466,0.575,0.52,0.7148456790123456,0.6393650793650794,13,True
4001,2197,131,2424,-26,4028,2,40,13,400,224,213,4028,2014,0.528,0.512,0.538,0.522,0.5005,0.5033741564608848,1,2245,2110,0.6929012345679012,0.6440781440781441,0.56,0.5325,0.6961975308641977,0.6547344322344322,13,True
4001,2963,3309,2568,-26,4028,2,40,13,400,232,225,4028,2014,0.464,0.504,0.504,0.512,0.496,0.5033741564608848,1,2278,2208,0.7030864197530864,0.673992673992674,0.58,0.5625,0.7210617283950617,0.6916208791208791,13,True
4001,3768,3535,2576,-26,4028,2,40,13,400,232,232,4028,2014,0.616,0.528,0.538,0.523,0.5145,0.5033741564608848,1,2246,2208,0.6932098765432099,0.673992673992674,0.58,0.58,0.7210617283950617,0.7131379731379731,13,True
4001,2230,459,2599,-26,4028,2,40,13,400,216,217,4028,2014,0.56,0.504,0.49,0.508,0.4955,0.5033741564608848,1,2231,2229,0.6885802469135802,0.6804029304029304,0.54,0.5425,0.6713333333333334,0.6670299145299146,13,True
4001,1890,3780,2718,-26,4028,2,40,13,400,217,226,4028,2014,0.528,0.536,0.504,0.504,0.5115,0.5033741564608848,1,2276,2214,0.7024691358024692,0.6758241758241759,0.5425,0.565,0.6744413580246914,0.6946947496947496,13,True
4001,2128,85,2792,-26,4028,2,40,13,400,225,203,4028,2015,0.464,0.484,0.566,0.529,0.508,0.5036240939765059,3,2216,1840,0.6839506172839506,0.5616605616605617,0.5625,0.5075,0.6993055555555555,0.6239957264957264,13,True
4001,773,1849,2835,-26,4028,2,40,13,400,244,202,4028,2015,0.592,0.572,0.522,0.513,0.507,0.5036240939765059,3,2260,2078,0.6975308641975309,0.6343101343101343,0.61,0.505,0.758358024691358,0.620921855921856,13,True
4001,2655,1770,2855,-26,4028,2,40,13,400,211,207,4028,2014,0.504,0.504,0.5,0.523,0.513,0.5033741564608848,1,2268,2161,0.7,0.6596459096459096,0.5275,0.5175,0.6557932098765432,0.6362912087912087,13,True
4001,2461,307,2921,-26,4028,2,40,13,400,239,197,4028,2014,0.504,0.516,0.514,0.527,0.515,0.5033741564608848,1,2214,2032,0.6833333333333333,0.6202686202686203,0.5975,0.4925,0.7428179012345679,0.6055525030525031,13,True
4001,1035,690,2995,-26,4028,2,40,13,400,252,226,4028,2014,0.528,0.536,0.53,0.506,0.502,0.5033741564608848,1,2300,2276,0.7098765432098766,0.6947496947496947,0.63,0.565,0.7832222222222222,0.6946947496947496,13,True
4001,438,876,3099,-26,4028,2,40,13,400,225,203,4028,2014,0.44,0.468,0.476,0.484,0.487,0.5033741564608848,1,2229,1934,0.687962962962963,0.5903540903540904,0.5625,0.5075,0.6993055555555555,0.6239957264957264,13,True
4001,3594,2396,3365,-26,4028,2,40,13,400,215,215,4028,2014,0.488,0.476,0.51,0.499,0.5085,0.5033741564608848,1,2227,2124,0.6873456790123457,0.6483516483516484,0.5375,0.5375,0.6682253086419753,0.6608821733821733,13,True
4001,3309,2206,3466,-26,4028,2,40,13,400,214,222,4028,2014,0.52,0.528,0.524,0.516,0.504,0.5033741564608848,1,2244,2126,0.6925925925925925,0.648962148962149,0.535,0.555,0.6651172839506173,0.6823992673992675,13,True
4001,326,652,3636,-26,4028,2,40,13,400,234,197,4028,2014,0.472,0.48,0.508,0.51,0.501,0.5033741564608848,1,2276,2168,0.7024691358024692,0.6617826617826618,0.585,0.4925,0.7272777777777777,0.6055525030525031,13,True
4001,3828,3655,3637,-26,4028,2,40,13,400,212,216,4028,2014,0.488,0.464,0.472,0.505,0.5145,0.5033741564608848,1,2242,2082,0.6919753086419753,0.6355311355311355,0.53,0.54,0.6589012345679013,0.663956043956044,13,True
4001,3334,889,3664,-26,4028,2,40,13,400,206,205,4028,2015,0.408,0.46,0.52,0.499,0.497,0.5036240939765059,3,2277,2006,0.7027777777777777,0.6123321123321124,0.515,0.5125,0.6402530864197531,0.6301434676434676,13,True
4001,228,152,3784,-26,4028,2,40,13,400,220,231,4028,2015,0.528,0.516,0.516,0.521,0.5145,0.5036240939765059,3,2290,2113,0.7067901234567902,0.644993894993895,0.55,0.5775,0.6837654320987655,0.7100641025641026,13,True
4001,3408,2815,3818,-26,4028,2,40,13,400,227,202,4028,2014,0.496,0.552,0.528,0.502,0.5035,0.5033741564608848,1,2260,2074,0.6975308641975309,0.6330891330891331,0.5675,0.505,0.7055216049382715,0.620921855921856,13,True
4001,494,1663,3867,-26,4028,2,40,13,400,234,262,4028,2015,0.408,0.444,0.464,0.475,0.4865,0.5036240939765059,3,2263,2150,0.6984567901234567,0.6562881562881563,0.585,0.655,0.7272777777777777,0.8053540903540904,13,True
4001,974,1983,15,-32,4034,2,40,13,400,200,210,4034,2017,0.464,0.496,0.5,0.508,0.502,0.504123969007748,1,2226,1996,0.687037037037037,0.6092796092796092,0.5,0.525,0.6225308641975309,0.6464743589743589,13,True
4001,453,302,32,-32,4034,2,40,13,400,236,213,4034,2017,0.496,0.528,0.508,0.498,0.4965,0.504123969007748,1,2158,2071,0.6660493827160494,0.6321733821733821,0.59,0.5325,0.7345864197530864,0.655709706959707,13,True
4001,3495,2330,52,-32,4034,2,40,13,400,215,243,4034,2017,0.472,0.448,0.506,0.521,0.503,0.504123969007748,1,2168,2231,0.6691358024691358,0.681013431013431,0.5375,0.6075,0.6692206790123457,0.7480631868131868,13,True
4001,1114,2228,295,-32,4034,2,40,13,400,219,226,4034,2017,0.52,0.52,0.52,0.525,0.503,0.504123969007748,1,2230,2131,0.6882716049382716,0.6504884004884005,0.5475,0.565,0.6816712962962962,0.6957295482295481,13,True
4001,1412,2275,746,-32,4034,2,40,13,400,228,219,4034,2017,0.496,0.492,0.484,0.49,0.4935,0.504123969007748,1,2253,2202,0.6953703703703704,0.6721611721611722,0.57,0.5475,0.7096851851851851,0.6741804029304028,13,True
4001,1288,2576,798,-32,4034,2,40,13,400,225,228,4034,2017,0.488,0.484,0.5,0.518,0.503,0.504123969007748,1,2193,2064,0.6768518518518518,0.63003663003663,0.5625,0.57,0.7003472222222222,0.7018864468864467,13,True
4001,3307,2613,1594,-32,4034,2,40,13,400,219,179,4034,2017,0.544,0.536,0.508,0.513,0.507,0.504123969007748,1,2220,1880,0.6851851851851852,0.5738705738705738,0.5475,0.4475,0.6816712962962962,0.5510424297924298,13,True
4001,189,126,1701,-32,4034,2,40,13,400,221,214,4034,2017,0.576,0.516,0.514,0.516,0.505,0.504123969007748,1,2275,2220,0.7021604938271605,0.6776556776556777,0.5525,0.535,0.6878966049382715,0.6587881562881563,13,True
4001,2464,927,1743,-32,4034,2,40,13,400,212,195,4034,2017,0.488,0.512,0.52,0.508,0.5155,0.504123969007748,1,2270,1987,0.7006172839506173,0.6065323565323565,0.53,0.4875,0.6598827160493828,0.600297619047619,13,True
4001,2041,81,1837,-32,4034,2,40,13,400,211,200,4034,2017,0.488,0.512,0.522,0.515,0.5,0.504123969007748,1,2220,2128,0.6851851851851852,0.6495726495726496,0.5275,0.5,0.656770061728395,0.6156898656898657,13,True
4001,279,186,1965,-32,4034,2,40,13,400,225,203,4034,2017,0.552,0.572,0.55,0.529,0.5195,0.504123969007748,1,2209,2046,0.6817901234567901,0.6245421245421245,0.5625,0.5075,0.7003472222222222,0.6249252136752136,13,True
4001,1881,3762,2081,-32,4034,2,40,13,400,223,224,4034,2017,0.48,0.5,0.48,0.493,0.495,0.504123969007748,1,2271,2138,0.700925925925926,0.6526251526251526,0.5575,0.56,0.6941219135802469,0.6895726495726497,13,True
4001,743,1486,2478,-32,4034,2,40,13,400,208,206,4034,2017,0.648,0.568,0.542,0.519,0.5035,0.504123969007748,1,2225,2070,0.6867283950617284,0.6318681318681318,0.52,0.515,0.6474320987654322,0.6341605616605617,13,True
4001,2913,1825,2496,-32,4034,2,40,13,400,231,211,4034,2017,0.504,0.508,0.494,0.496,0.491,0.504123969007748,1,2241,2214,0.6916666666666667,0.6758241758241759,0.5775,0.5275,0.7190231481481482,0.6495528083028083,13,True
4001,621,414,2643,-32,4034,2,40,13,400,205,212,4034,2017,0.544,0.516,0.502,0.489,0.503,0.504123969007748,1,2166,2151,0.6685185185185185,0.6565934065934066,0.5125,0.53,0.6380941358024691,0.6526312576312576,13,True
4001,3332,3555,2709,-32,4034,2,40,13,400,210,204,4034,2017,0.496,0.524,0.518,0.508,0.5045,0.504123969007748,1,2154,2050,0.6648148148148149,0.6257631257631258,0.525,0.51,0.6536574074074074,0.6280036630036631,13,True
4001,2572,381,2983,-32,4034,2,40,13,400,202,215,4034,2017,0.504,0.484,0.502,0.491,0.492,0.504123969007748,1,2178,2134,0.6722222222222223,0.6514041514041514,0.505,0.5375,0.6287561728395062,0.6618666056166056,13,True
4001,3663,3325,3023,-32,4034,2,40,13,400,230,204,4034,2017,0.44,0.5,0.504,0.515,0.521,0.504123969007748,1,2176,2058,0.671604938271605,0.6282051282051282,0.575,0.51,0.7159104938271604,0.6280036630036631,13,True
4001,2685,1790,3155,-32,4034,2,40,13,400,225,234,4034,2017,0.488,0.5,0.51,0.502,0.505,0.504123969007748,1,2240,2236,0.691358024691358,0.6825396825396826,0.5625,0.585,0.7003472222222222,0.7203571428571428,13,True
4001,2240,479,3347,-32,4034,2,40,13,400,218,209,4034,2017,0.48,0.468,0.494,0.509,0.519,0.504123969007748,1,2226,2157,0.687037037037037,0.6584249084249084,0.545,0.5225,0.6785586419753087,0.6433959096459096,13,True
4001,2901,1801,3483,-32,4034,2,40,13,400,205,206,4034,2017,0.52,0.516,0.482,0.48,0.498,0.504123969007748,1,2236,2154,0.6901234567901234,0.6575091575091575,0.5125,0.515,0.6380941358024691,0.6341605616605617,13,True
4001,963,1926,3645,-32,4034,2,40,13,400,224,197,4034,2017,0.504,0.484,0.516,0.493,0.5165,0.504123969007748,1,2257,2130,0.696604938271605,0.6501831501831502,0.56,0.4925,0.6972345679012347,0.6064545177045176,13,True
4001,3674,3347,3804,-32,4034,2,40,13,400,215,216,4034,2017,0.472,0.488,0.47,0.464,0.4815,0.504123969007748,1,2197,2178,0.6780864197530864,0.6648351648351648,0.5375,0.54,0.6692206790123457,0.664945054945055,13,True
4001,1789,3578,3835,-32,4034,2,40,13,400,215,216,4034,2017,0.584,0.56,0.532,0.519,0.5135,0.504123969007748,1,2218,2192,0.6845679012345679,0.6691086691086691,0.5375,0.54,0.6692206790123457,0.664945054945055,13,True
4001,1949,2633,20,-94,4096,2,40,13,400,225,193,4096,2049,0.544,0.504,0.502,0.496,0.507,0.5121219695076231,3,2299,2014,0.7095679012345679,0.6147741147741148,0.5625,0.4825,0.7111111111111111,0.6032722832722832,13,True
4001,3797,3593,25,-94,4096,2,40,13,400,211,197,4096,2048,0.52,0.536,0.516,0.51,0.512,0.511872031992002,1,2260,2060,0.6975308641975309,0.6288156288156288,0.5275,0.4925,0.6668641975308641,0.6157753357753357,13,True
4001,3049,699,85,-94,4096,2,40,13,400,210,226,4096,2048,0.52,0.488,0.502,0.499,0.5105,0.511872031992002,1,2198,2115,0.678395061728395,0.6456043956043956,0.525,0.565,0.6637037037037037,0.7064224664224663,13,True
4001,3796,3591,102,-94,4096,2,40,13,399,231,187,4096,2049,0.488,0.536,0.498,0.514,0.505,0.5121219695076231,3,2268,2100,0.7,0.6410256410256411,0.5789473684210527,0.46867167919799496,0.7319038336582196,0.585982661170631,13,True
4001,391,2928,151,-94,4096,2,40,13,400,214,217,4096,2049,0.592,0.6,0.56,0.537,0.517,0.5121219695076231,3,2206,2125,0.6808641975308642,0.6486568986568987,0.535,0.5425,0.6763456790123458,0.6782905982905982,13,True
4001,1700,2467,414,-94,4096,2,40,13,400,207,195,4096,2048,0.48,0.516,0.502,0.498,0.5125,0.511872031992002,1,2100,2092,0.6481481481481481,0.6385836385836385,0.5175,0.4875,0.6542222222222221,0.6095238095238095,13,True
4001,1763,2509,479,-94,4096,2,40,13,400,227,186,4096,2048,0.528,0.536,0.548,0.523,0.515,0.511872031992002,1,2301,1805,0.7101851851851851,0.550976800976801,0.5675,0.465,0.7174320987654321,0.5813919413919414,13,True
4001,2840,1679,626,-94,4096,2,40,13,397,219,199,4096,2049,0.488,0.476,0.5,0.506,0.5035,0.5121219695076231,3,2171,1993,0.6700617283950617,0.6083638583638583,0.5516372795969773,0.5012594458438288,0.6973784867991416,0.6267273169036394,13,True
4001,1496,2992,749,-94,4096,2,40,13,400,235,215,4096,2048,0.512,0.528,0.502,0.534,0.5205,0.511872031992002,1,2239,2216,0.6910493827160494,0.6764346764346765,0.5875,0.5375,0.7427160493827161,0.672039072039072,13,True
4001,1094,2188,944,-94,4096,2,40,13,399,218,214,4096,2049,0.488,0.5,0.5,0.489,0.4985,0.5121219695076231,3,2194,1948,0.6771604938271605,0.5946275946275946,0.5463659147869674,0.5363408521303258,0.6907144404220428,0.6705897833717382,13,True
4001,1964,2643,987,-94,4096,2,40,13,400,206,196,4096,2048,0.528,0.528,0.518,0.521,0.51,0.511872031992002,1,2254,2172,0.695679012345679,0.663003663003663,0.515,0.49,0.6510617283950617,0.6126495726495726,13,True
4001,3311,2621,1038,-94,4096,2,40,13,400,218,220,4096,2049,0.432,0.48,0.5,0.512,0.507,0.5121219695076231,3,2221,2130,0.6854938271604938,0.6501831501831502,0.545,0.55,0.6889876543209877,0.6876678876678878,13,True
4001,727,1454,1231,-94,4096,2,40,13,399,231,210,4096,2049,0.536,0.488,0.488,0.493,0.514,0.5121219695076231,3,2213,2236,0.6830246913580247,0.6825396825396826,0.5789473684210527,0.5263157894736842,0.7319038336582196,0.6580553948975001,13,True
4001,667,1334,1557,-94,4096,2,40,13,400,225,225,4096,2049,0.56,0.54,0.504,0.519,0.5145,0.5121219695076231,3,2232,2127,0.6888888888888889,0.6492673992673993,0.5625,0.5625,0.7111111111111111,0.7032967032967034,13,True
4001,475,950,1651,-94,4096,2,40,13,400,197,180,4096,2048,0.52,0.516,0.524,0.532,0.5215,0.511872031992002,1,2230,1962,0.6882716049382716,0.5989010989010989,0.4925,0.45,0.6226172839506173,0.5626373626373626,13,True
4001,795,530,1902,-94,4096,2,40,13,400,223,221,4096,2048,0.472,0.508,0.496,0.51,0.508,0.511872031992002,1,2241,2230,0.6916666666666667,0.6807081807081807,0.5575,0.5525,0.7047901234567902,0.6907936507936507,13,True
4001,1040,2080,2063,-94,4096,2,40,13,400,222,230,4096,2048,0.576,0.564,0.544,0.508,0.5085,0.511872031992002,1,2222,2190,0.6858024691358025,0.6684981684981685,0.555,0.575,0.7016296296296297,0.7189255189255189,13,True
4001,3855,2570,2100,-94,4096,2,40,13,400,191,228,4096,2048,0.472,0.496,0.524,0.523,0.507,0.511872031992002,1,2187,2316,0.675,0.706959706959707,0.4775,0.57,0.6036543209876543,0.7126739926739926,13,True
4001,3421,2841,2355,-94,4096,2,40,13,400,209,224,4096,2049,0.512,0.456,0.464,0.499,0.5115,0.5121219695076231,3,2181,2151,0.6731481481481482,0.6565934065934066,0.5225,0.56,0.6605432098765431,0.7001709401709403,13,True
4001,3875,3749,2563,-94,4096,2,40,13,400,226,207,4096,2048,0.52,0.52,0.518,0.511,0.5145,0.511872031992002,1,2278,2197,0.7030864197530864,0.6706349206349206,0.565,0.5175,0.7142716049382716,0.647032967032967,13,True
4001,1641,1094,2747,-94,4096,2,40,13,400,216,209,4096,2048,0.472,0.484,0.514,0.515,0.5285,0.511872031992002,1,2225,2162,0.6867283950617284,0.6599511599511599,0.54,0.5225,0.6826666666666668,0.6532844932844932,13,True
4001,3938,3875,3024,-94,4096,2,40,13,400,227,275,4096,2049,0.608,0.54,0.528,0.526,0.523,0.5121219695076231,3,2233,2186,0.6891975308641975,0.6672771672771672,0.5675,0.6875,0.7174320987654321,0.8595848595848596,13,True
4001,771,514,3117,-94,4096,2,40,13,400,244,207,4096,2048,0.56,0.528,0.522,0.532,0.5105,0.511872031992002,1,2339,2206,0.7219135802469135,0.6733821733821734,0.61,0.5175,0.7711604938271605,0.647032967032967,13,True
4001,3992,3983,3137,-94,4096,2,40,13,400,211,208,4096,2049,0.504,0.536,0.508,0.514,0.5105,0.5121219695076231,3,2222,2306,0.6858024691358025,0.703907203907204,0.5275,0.52,0.6668641975308641,0.6501587301587302,13,True
4001,2012,2675,3302,-94,4096,2,40,13,400,206,213,4096,2049,0.544,0.552,0.528,0.522,0.515,0.5121219695076231,3,2250,2096,0.6944444444444444,0.6398046398046398,0.515,0.5325,0.6510617283950617,0.6657875457875457,13,True
4001,653,1306,3401,-94,4096,2,40,13,400,216,204,4096,2048,0.536,0.516,0.536,0.508,0.514,0.511872031992002,1,2228,2162,0.6876543209876543,0.6599511599511599,0.54,0.51,0.6826666666666668,0.6376556776556777,13,True
4001,2207,413,3473,-94,4096,2,40,13,400,230,223,4096,2048,0.504,0.508,0.478,0.503,0.513,0.511872031992002,1,2254,2110,0.695679012345679,0.6440781440781441,0.575,0.5575,0.7269135802469135,0.697045177045177,13,True
4001,216,144,3513,-94,4096,2,40,13,400,239,236,4096,2049,0.552,0.568,0.532,0.519,0.517,0.5121219695076231,3,2236,2187,0.6901234567901234,0.6675824175824175,0.5975,0.59,0.755358024691358,0.7376800976800977,13,True
4001,1989,1326,3750,-94,4096,2,40,13,400,212,211,4096,2048,0.48,0.5,0.516,0.506,0.5105,0.511872031992002,1,2261,2204,0.6978395061728395,0.6727716727716728,0.53,0.5275,0.6700246913580247,0.6595360195360195,13,True
4001,1211,2422,3791,-94,4096,2,40,13,400,225,174,4096,2049,0.552,0.496,0.504,0.505,0.512,0.5121219695076231,3,2235,2022,0.6898148148148148,0.6172161172161172,0.5625,0.435,0.7111111111111111,0.5438827838827839,13,True
4001,198,132,3852,-94,4096,2,40,13,400,216,224,4096,2049,0.568,0.516,0.524,0.527,0.524,0.5121219695076231,3,2275,2222,0.7021604938271605,0.6782661782661783,0.54,0.56,0.6826666666666668,0.7001709401709403,13,True
4001,1118,2236,3997,-94,4096,2,40,13,400,216,233,4096,2049,0.552,0.544,0.558,0.544,0.5145,0.5121219695076231,3,2295,2031,0.7083333333333334,0.61996336996337,0.54,0.5825,0.6826666666666668,0.7283028083028084,13,True
4001,270,540,116,-31,4033,2,40,13,400,224,201,4033,2016,0.48,0.54,0.51,0.506,0.5,0.503874031492127,0,2254,2064,0.695679012345679,0.63003663003663,0.56,0.5025,0.6970617283950618,0.6186149267399267,13,True
4001,3153,2102,129,-31,4033,2,40,13,400,227,201,4033,2016,0.52,0.528,0.518,0.526,0.5175,0.503874031492127,0,2282,2062,0.7043209876543209,0.6294261294261294,0.5675,0.5025,0.7063973765432099,0.6186149267399267,13,True
4001,2435,2957,541,-31,4033,2,40,13,400,207,211,4033,2016,0.528,0.528,0.516,0.508,0.5115,0.503874031492127,0,2126,1922,0.6561728395061729,0.5866910866910867,0.5175,0.5275,0.6441597222222222,0.6493917887667887,13,True
4001,3634,1089,731,-31,4033,2,40,13,400,217,187,4033,2016,0.472,0.48,0.496,0.498,0.5035,0.503874031492127,0,2202,1964,0.6796296296296296,0.5995115995115995,0.5425,0.4675,0.6752785493827161,0.5755273199023199,13,True
4001,904,1808,784,-31,4033,2,40,13,400,234,229,4033,2016,0.552,0.548,0.532,0.494,0.498,0.503874031492127,0,2206,2278,0.6808641975308642,0.6953601953601953,0.585,0.5725,0.7281805555555555,0.7047901404151404,13,True
4001,2407,271,836,-31,4033,2,40,13,400,222,200,4033,2016,0.472,0.48,0.476,0.487,0.4965,0.503874031492127,0,2238,2052,0.6907407407407408,0.6263736263736264,0.555,0.5,0.690837962962963,0.6155372405372406,13,True
4001,3062,3375,1118,-31,4033,2,40,13,400,221,186,4033,2016,0.544,0.52,0.514,0.511,0.499,0.503874031492127,0,2246,1906,0.6932098765432099,0.5818070818070818,0.5525,0.465,0.6877260802469136,0.5724496336996338,13,True
4001,3364,2727,1306,-31,4033,2,40,13,400,204,225,4033,2016,0.592,0.532,0.516,0.509,0.505,0.503874031492127,0,2194,2206,0.6771604938271605,0.6733821733821734,0.51,0.5625,0.634824074074074,0.6924793956043956,13,True
4001,3288,2192,1431,-31,4033,2,40,13,400,229,208,4033,2016,0.432,0.436,0.446,0.47,0.4875,0.503874031492127,0,2308,2170,0.7123456790123457,0.6623931623931624,0.5725,0.52,0.7126211419753086,0.6401587301587301,13,True
4001,407,814,1768,-31,4033,2,40,13,400,200,196,4033,2016,0.504,0.504,0.502,0.52,0.5055,0.503874031492127,0,2216,1982,0.6839506172839506,0.605006105006105,0.5,0.49,0.6223765432098766,0.6032264957264958,13,True
4001,2614,409,1778,-31,4033,2,40,13,400,231,227,4033,2016,0.52,0.508,0.506,0.518,0.5115,0.503874031492127,0,2270,2294,0.7006172839506173,0.7002442002442002,0.5775,0.5675,0.7188449074074074,0.698634768009768,13,True
4001,420,280,1886,-31,4033,2,40,13,400,223,206,4033,2016,0.512,0.508,0.494,0.516,0.52,0.503874031492127,0,2298,1932,0.7092592592592593,0.5897435897435898,0.5575,0.515,0.6939498456790124,0.6340033577533577,13,True
4001,3316,2631,1957,-31,4033,2,40,13,400,225,198,4033,2016,0.496,0.492,0.488,0.47,0.4915,0.503874031492127,0,2196,2002,0.6777777777777778,0.6111111111111112,0.5625,0.495,0.7001736111111111,0.6093818681318681,13,True
4001,1140,760,2007,-31,4033,2,40,13,400,230,235,4033,2016,0.568,0.528,0.522,0.527,0.5005,0.503874031492127,0,2240,2256,0.691358024691358,0.6886446886446886,0.575,0.5875,0.715733024691358,0.7232562576312577,13,True
4001,226,2818,2544,-31,4033,2,40,13,400,214,227,4033,2016,0.512,0.548,0.53,0.52,0.505,0.503874031492127,0,2130,2208,0.6574074074074074,0.673992673992674,0.535,0.5675,0.665942901234568,0.698634768009768,13,True
4001,2626,1251,2843,-31,4033,2,40,13,400,206,196,4033,2016,0.44,0.484,0.494,0.507,0.512,0.503874031492127,0,2214,2042,0.6833333333333333,0.6233211233211233,0.515,0.49,0.6410478395061728,0.6032264957264958,13,True
4001,3377,3585,3128,-31,4033,2,40,13,400,220,212,4033,2016,0.496,0.508,0.51,0.498,0.5095,0.503874031492127,0,2236,2234,0.6901234567901234,0.681929181929182,0.55,0.53,0.6846141975308643,0.652469474969475,13,True
4001,101,1401,3217,-31,4033,2,40,13,400,204,206,4033,2016,0.6,0.584,0.534,0.529,0.5095,0.503874031492127,0,2210,2246,0.6820987654320988,0.6855921855921856,0.51,0.515,0.634824074074074,0.6340033577533577,13,True
4001,2746,1491,3369,-31,4033,2,40,13,400,213,190,4033,2016,0.472,0.504,0.526,0.512,0.508,0.503874031492127,0,2274,1764,0.7018518518518518,0.5384615384615384,0.5325,0.475,0.6628310185185184,0.5847603785103785,13,True
4001,1061,2041,3859,-31,4033,2,40,13,400,197,185,4033,2016,0.496,0.54,0.492,0.496,0.501,0.503874031492127,0,2224,2012,0.6864197530864198,0.6141636141636142,0.4925,0.4625,0.6130408950617284,0.5693719474969475,13,True
4001,1417,3612,3877,-31,4033,2,40,13,400,228,194,4033,2016,0.48,0.476,0.504,0.511,0.51,0.503874031492127,0,2240,1904,0.691358024691358,0.5811965811965812,0.57,0.485,0.7095092592592592,0.5970711233211233,13,True
4001,1807,3872,54,98,3904,2,40,13,400,231,188,3904,1952,0.528,0.52,0.514,0.488,0.4855,0.4878780304923769,1,2150,1903,0.6635802469135802,0.5808913308913309,0.5775,0.47,0.6958518518518518,0.56009768009768,13,True
4001,2805,1609,84,98,3904,2,40,13,400,224,228,3904,1952,0.536,0.48,0.458,0.463,0.4805,0.4878780304923769,1,2275,2086,0.7021604938271605,0.6367521367521367,0.56,0.57,0.6747654320987655,0.6792673992673992,13,True
4001,989,1993,174,98,3904,2,40,13,400,239,218,3904,1953,0.536,0.504,0.494,0.529,0.4895,0.488127968007998,3,2260,2206,0.6975308641975309,0.6733821733821734,0.5975,0.545,0.7199506172839507,0.6494749694749695,13,True
4001,2303,605,190,98,3904,2,40,13,400,229,214,3904,1952,0.464,0.448,0.46,0.46,0.465,0.4878780304923769,1,2213,2128,0.6830246913580247,0.6495726495726496,0.5725,0.535,0.6898271604938272,0.6375579975579977,13,True
4001,2788,1575,256,98,3904,2,40,13,400,227,213,3904,1952,0.528,0.524,0.482,0.483,0.493,0.4878780304923769,1,2186,2138,0.6746913580246914,0.6526251526251526,0.5675,0.5325,0.6838024691358024,0.6345787545787546,13,True
4001,1434,956,413,98,3904,2,40,13,400,238,235,3904,1952,0.528,0.532,0.512,0.485,0.505,0.4878780304923769,1,2266,2194,0.6993827160493827,0.6697191697191697,0.595,0.5875,0.7169382716049383,0.7001221001221001,13,True
4001,2182,363,468,98,3904,2,40,13,400,226,236,3904,1953,0.464,0.468,0.46,0.475,0.4735,0.488127968007998,3,2257,2174,0.696604938271605,0.6636141636141636,0.565,0.59,0.68079012345679,0.703101343101343,13,True
4001,49,2700,705,98,3904,2,40,13,399,222,195,3904,1953,0.488,0.5,0.496,0.484,0.4855,0.488127968007998,3,2169,1746,0.6694444444444444,0.532967032967033,0.556390977443609,0.48872180451127817,0.6704167826974845,0.5824084019572742,13,True
4001,266,532,886,98,3904,2,40,13,400,210,208,3904,1952,0.576,0.536,0.518,0.502,0.489,0.4878780304923769,1,2125,1994,0.6558641975308642,0.6086691086691086,0.525,0.52,0.6325925925925926,0.6196825396825397,13,True
4001,2338,225,902,98,3904,2,40,13,400,259,238,3904,1953,0.424,0.484,0.498,0.501,0.4985,0.488127968007998,3,2271,2214,0.700925925925926,0.6758241758241759,0.6475,0.595,0.7801975308641974,0.7090598290598291,13,True
4001,2615,3077,968,98,3904,2,40,13,400,226,216,3904,1953,0.392,0.444,0.486,0.49,0.484,0.488127968007998,3,2264,2076,0.6987654320987654,0.6336996336996337,0.565,0.54,0.68079012345679,0.6435164835164836,13,True
4001,3606,3211,985,98,3904,2,40,13,400,203,234,3904,1952,0.456,0.448,0.492,0.492,0.4915,0.4878780304923769,1,2108,2118,0.6506172839506172,0.6465201465201466,0.5075,0.585,0.6115061728395061,0.6971428571428571,13,True
4001,1572,1048,1176,98,3904,2,40,13,400,231,216,3904,1953,0.552,0.552,0.518,0.495,0.501,0.488127968007998,3,2217,2174,0.6842592592592592,0.6636141636141636,0.5775,0.54,0.6958518518518518,0.6435164835164836,13,True
4001,863,1726,1253,98,3904,2,40,13,400,263,277,3904,1953,0.496,0.508,0.49,0.49,0.4905,0.488127968007998,3,2230,2049,0.6882716049382716,0.6254578754578755,0.6575,0.6925,0.7922469135802469,0.8252503052503053,13,True
4001,2298,1532,1298,98,3904,2,40,13,400,226,230,3904,1952,0.464,0.444,0.476,0.484,0.491,0.4878780304923769,1,2254,2245,0.695679012345679,0.6852869352869353,0.565,0.575,0.68079012345679,0.6852258852258851,13,True
4001,1396,3598,1567,98,3904,2,40,13,400,213,215,3904,1952,0.576,0.512,0.508,0.49,0.4875,0.4878780304923769,1,2186,2094,0.6746913580246914,0.6391941391941391,0.5325,0.5375,0.6416296296296297,0.6405372405372406,13,True
4001,569,1713,1635,98,3904,2,40,13,400,225,227,3904,1952,0.44,0.444,0.46,0.479,0.476,0.4878780304923769,1,2102,2118,0.6487654320987655,0.6465201465201466,0.5625,0.5675,0.6777777777777778,0.6762881562881563,13,True
4001,3535,3069,1652,98,3904,2,40,13,400,219,215,3904,1953,0.472,0.46,0.488,0.487,0.484,0.488127968007998,3,2231,2102,0.6885802469135802,0.6416361416361417,0.5475,0.5375,0.6597037037037037,0.6405372405372406,13,True
4001,1,0,1728,98,3904,4,40,13,399,198,215,3904,1953,0.488,0.472,0.49,0.483,0.488,0.488127968007998,3,2159,1931,0.6663580246913581,0.5894383394383395,0.49624060150375937,0.5388471177944862,0.5979392926761348,0.642142597029815,10,True
4001,2110,73,2002,98,3904,2,40,13,400,238,199,3904,1953,0.456,0.468,0.472,0.481,0.4835,0.488127968007998,3,2285,2113,0.7052469135802469,0.644993894993895,0.595,0.4975,0.7169382716049383,0.5928693528693528,13,True
4001,2890,593,2166,98,3904,2,40,13,400,248,209,3904,1953,0.488,0.48,0.496,0.498,0.499,0.488127968007998,3,2237,2159,0.6904320987654321,0.659035409035409,0.62,0.5225,0.7470617283950617,0.6226617826617826,13,True
4001,3878,3755,2214,98,3904,2,40,13,400,238,235,3904,1952,0.472,0.504,0.474,0.492,0.4875,0.4878780304923769,1,2236,2202,0.6901234567901234,0.6721611721611722,0.595,0.5875,0.7169382716049383,0.7001221001221001,13,True
4001,1140,2280,2264,98,3904,2,40,13,400,219,241,3904,1952,0.48,0.492,0.5,0.496,0.4905,0.4878780304923769,1,2169,2221,0.6694444444444444,0.677960927960928,0.5475,0.6025,0.6597037037037037,0.717997557997558,13,True
4001,1207,3472,2266,98,3904,2,40,13,399,231,227,3904,1953,0.528,0.504,0.48,0.498,0.4855,0.488127968007998,3,2265,2087,0.6990740740740741,0.637057387057387,0.5789473684210527,0.568922305764411,0.6975958414554906,0.6779831140733398,13,True
4001,848,1696,2388,98,3904,2,40,13,400,221,230,3904,1953,0.512,0.52,0.526,0.5,0.497,0.488127968007998,3,2223,2189,0.6861111111111111,0.6681929181929182,0.5525,0.575,0.6657283950617284,0.6852258852258851,13,True
4001,200,1467,2412,98,3904,2,40,13,400,222,237,3904,1953,0.472,0.468,0.486,0.502,0.4935,0.488127968007998,3,2203,2175,0.6799382716049382,0.6639194139194139,0.555,0.5925,0.6687407407407409,0.706080586080586,13,True
4001,1241,2161,2470,98,3904,2,40,13,400,236,215,3904,1952,0.464,0.432,0.472,0.478,0.4905,0.4878780304923769,1,2192,2166,0.6765432098765433,0.6611721611721612,0.59,0.5375,0.7109135802469135,0.6405372405372406,13,True
4001,2474,2983,2519,98,3904,2,40,13,400,220,202,3904,1952,0.496,0.5,0.5,0.487,0.5045,0.4878780304923769,1,2222,1960,0.6858024691358025,0.5982905982905983,0.55,0.505,0.6627160493827161,0.6018070818070818,13,True
4001,2880,1920,2613,98,3904,2,40,13,400,245,218,3904,1952,0.44,0.44,0.486,0.491,0.484,0.4878780304923769,1,2252,2142,0.6950617283950618,0.6538461538461539,0.6125,0.545,0.7380246913580247,0.6494749694749695,13,True
4001,3909,3817,2692,98,3904,2,40,13,400,218,238,3904,1953,0.52,0.528,0.522,0.495,0.486,0.488127968007998,3,2163,2274,0.6675925925925926,0.6941391941391941,0.545,0.595,0.6566913580246915,0.7090598290598291,13,True
4001,3213,2142,2861,98,3904,2,40,13,400,229,223,3904,1953,0.456,0.52,0.526,0.5,0.4825,0.488127968007998,3,2184,2167,0.674074074074074,0.6614774114774115,0.5725,0.5575,0.6898271604938272,0.6643711843711844,13,True
4001,785,1857,2940,98,3904,2,40,13,400,225,218,3904,1953,0.456,0.464,0.474,0.479,0.495,0.488127968007998,3,2200,2213,0.6790123456790124,0.6755189255189256,0.5625,0.545,0.6777777777777778,0.6494749694749695,13,True
4001,1946,2631,2994,98,3904,2,40,13,400,209,206,3904,1952,0.544,0.512,0.514,0.507,0.491,0.4878780304923769,1,2138,2042,0.6598765432098765,0.6233211233211233,0.5225,0.515,0.6295802469135803,0.6137240537240537,13,True
4001,19,2680,3311,98,3904,2,40,13,400,234,237,3904,1952,0.44,0.516,0.484,0.485,0.493,0.4878780304923769,1,2264,2176,0.6987654320987654,0.6642246642246642,0.585,0.5925,0.7048888888888888,0.706080586080586,13,True
4001,3000,2000,3425,98,3904,2,40,13,400,266,216,3904,1953,0.464,0.476,0.46,0.469,0.485,0.488127968007998,3,2231,2007,0.6885802469135802,0.6126373626373627,0.665,0.54,0.8012839506172841,0.6435164835164836,13,True
4001,2324,2883,3538,98,3904,2,40,13,400,232,202,3904,1952,0.504,0.504,0.504,0.493,0.482,0.4878780304923769,1,2215,1924,0.683641975308642,0.5873015873015873,0.58,0.505,0.6988641975308642,0.6018070818070818,13,True
4001,3131,3421,3866,98,3904,2,40,13,400,249,190,3904,1952,0.496,0.484,0.482,0.501,0.4915,0.4878780304923769,1,2297,1736,0.7089506172839506,0.5299145299145299,0.6225,0.475,0.7500740740740741,0.566056166056166,13,True
4001,2973,1945,3921,98,3904,2,40,13,400,231,193,3904,1952,0.384,0.44,0.438,0.443,0.476,0.4878780304923769,1,2220,1987,0.6851851851851852,0.6065323565323565,0.5775,0.4825,0.6958518518518518,0.574993894993895,13,True
4001,3108,2215,17,25,3977,2,40,13,400,212,228,3977,1988,0.504,0.528,0.514,0.508,0.4985,0.49687578105473634,0,2232,2250,0.6888888888888889,0.6868131868131868,0.53,0.57,0.6505586419753087,0.6919688644688644,13,True
4001,1817,2545,327,25,3977,2,40,13,400,219,213,3977,1988,0.496,0.484,0.516,0.502,0.496,0.49687578105473634,0,2216,2034,0.6839506172839506,0.6208791208791209,0.5475,0.5325,0.6720393518518518,0.6464445970695971,13,True
4001,683,1789,379,25,3977,2,40,13,400,227,192,3977,1988,0.544,0.528,0.492,0.508,0.5135,0.49687578105473634,0,2146,1846,0.6623456790123456,0.5634920634920635,0.5675,0.48,0.6965887345679013,0.5827106227106227,13,True
4001,2894,3263,515,25,3977,2,40,13,400,209,206,3977,1988,0.464,0.496,0.46,0.457,0.482,0.49687578105473634,0,2240,2018,0.691358024691358,0.615995115995116,0.5225,0.515,0.6413526234567901,0.625199938949939,13,True
4001,3384,2767,817,25,3977,2,40,13,400,230,206,3977,1988,0.432,0.488,0.494,0.492,0.4985,0.49687578105473634,0,2202,2086,0.6796296296296296,0.6367521367521367,0.575,0.515,0.7057947530864196,0.625199938949939,13,True
4001,3194,3463,1197,25,3977,2,40,13,400,233,206,3977,1988,0.52,0.452,0.486,0.491,0.4965,0.49687578105473634,0,2224,2068,0.6864197530864198,0.6312576312576312,0.5825,0.515,0.7150007716049382,0.625199938949939,13,True
4001,947,1965,1234,25,3977,2,40,13,400,228,215,3977,1988,0.496,0.552,0.514,0.527,0.494,0.49687578105473634,0,2268,2150,0.7,0.6562881562881563,0.57,0.5375,0.6996574074074073,0.6525144993894993,13,True
4001,908,1939,1349,25,3977,2,40,13,400,218,225,3977,1988,0.496,0.492,0.51,0.497,0.5105,0.49687578105473634,0,2196,2184,0.6777777777777778,0.6666666666666666,0.545,0.5625,0.6689706790123457,0.682864010989011,13,True
4001,48,32,1391,25,3977,2,40,13,400,217,184,3977,1988,0.536,0.512,0.468,0.487,0.5055,0.49687578105473634,0,2214,2082,0.6833333333333333,0.6355311355311355,0.5425,0.46,0.6659020061728396,0.5584310134310134,13,True
4001,3476,3651,1462,25,3977,2,40,13,400,225,201,3977,1988,0.456,0.444,0.472,0.486,0.5,0.49687578105473634,0,2250,2050,0.6944444444444444,0.6257631257631258,0.5625,0.5025,0.6904513888888889,0.6100251831501831,13,True
4001,1382,2764,1746,25,3977,2,40,13,400,244,195,3977,1988,0.464,0.46,0.496,0.51,0.5045,0.49687578105473634,0,2274,2128,0.7018518518518518,0.6495726495726496,0.61,0.4875,0.7487561728395061,0.5918154761904761,13,True
4001,2201,2801,1791,25,3977,2,40,13,400,209,204,3977,1988,0.488,0.496,0.494,0.497,0.4945,0.49687578105473634,0,2178,2096,0.6722222222222223,0.6398046398046398,0.5225,0.51,0.6413526234567901,0.6191300366300366,13,True
4001,779,1853,1793,25,3977,2,40,13,400,217,222,3977,1988,0.544,0.508,0.508,0.505,0.5045,0.49687578105473634,0,2200,2126,0.6790123456790124,0.648962148962149,0.5425,0.555,0.6659020061728396,0.6737591575091576,13,True
4001,222,148,1865,25,3977,2,40,13,400,212,203,3977,1988,0.456,0.44,0.464,0.488,0.4905,0.49687578105473634,0,2098,2152,0.6475308641975308,0.6568986568986569,0.53,0.5075,0.6505586419753087,0.6160950854700854,13,True
4001,1482,988,1870,25,3977,2,40,13,400,219,206,3977,1988,0.48,0.476,0.474,0.504,0.496,0.49687578105473634,0,2184,2010,0.674074074074074,0.6135531135531136,0.5475,0.515,0.6720393518518518,0.625199938949939,13,True
4001,3911,3821,1897,25,3977,2,40,13,400,225,210,3977,1988,0.472,0.464,0.482,0.493,0.501,0.49687578105473634,0,2248,2090,0.6938271604938272,0.6379731379731379,0.5625,0.525,0.6904513888888889,0.6373397435897437,13,True
4001,2062,41,2392,25,3977,2,40,13,400,224,189,3977,1988,0.456,0.528,0.498,0.494,0.5075,0.49687578105473634,0,2216,2028,0.6839506172839506,0.6190476190476191,0.56,0.4725,0.6873827160493828,0.5736057692307692,13,True
4001,458,916,2465,25,3977,2,40,13,400,216,195,3977,1988,0.48,0.484,0.504,0.522,0.4965,0.49687578105473634,0,2198,2054,0.678395061728395,0.626984126984127,0.54,0.4875,0.6628333333333333,0.5918154761904761,13,True
4001,3135,2269,2518,25,3977,2,40,13,400,213,222,3977,1988,0.552,0.512,0.51,0.519,0.5135,0.49687578105473634,0,2178,2112,0.6722222222222223,0.6446886446886447,0.5325,0.555,0.6536273148148148,0.6737591575091576,13,True
4001,459,306,2756,25,3977,2,40,13,400,209,197,3977,1988,0.52,0.512,0.488,0.499,0.501,0.49687578105473634,0,2124,2114,0.6555555555555556,0.6452991452991453,0.5225,0.4925,0.6413526234567901,0.5978853785103785,13,True
4001,1423,2846,3230,25,3977,2,40,13,400,224,209,3977,1988,0.424,0.452,0.498,0.5,0.501,0.49687578105473634,0,2232,2086,0.6888888888888889,0.6367521367521367,0.56,0.5225,0.6873827160493828,0.6343047924297924,13,True
4001,574,3050,3300,25,3977,2,40,13,400,211,225,3977,1988,0.504,0.504,0.526,0.493,0.508,0.49687578105473634,0,2230,2128,0.6882716049382716,0.6495726495726496,0.5275,0.5625,0.6474899691358024,0.682864010989011,13,True
4001,3199,2397,3306,25,3977,2,40,13,400,242,234,3977,1988,0.512,0.492,0.496,0.495,0.494,0.49687578105473634,0,2226,2240,0.687037037037037,0.6837606837606838,0.605,0.585,0.7426188271604939,0.7101785714285714,13,True
4001,2390,2927,3463,25,3977,2,40,13,400,220,202,3977,1988,0.512,0.5,0.512,0.504,0.506,0.49687578105473634,0,2198,2166,0.678395061728395,0.6611721611721612,0.55,0.505,0.6751080246913581,0.6130601343101343,13,True
4001,1093,2186,3744,25,3977,2,40,13,400,224,209,3977,1988,0.544,0.56,0.524,0.507,0.492,0.49687578105473634,0,2174,1984,0.6709876543209876,0.6056166056166056,0.56,0.5225,0.6873827160493828,0.6343047924297924,13,True
4001,1259,2518,3770,25,3977,2,40,13,400,233,215,3977,1988,0.48,0.496,0.48,0.507,0.494,0.49687578105473634,0,2280,2144,0.7037037037037037,0.6544566544566545,0.5825,0.5375,0.7150007716049382,0.6525144993894993,13,True
4001,579,1158,3909,25,3977,2,40,13,400,243,175,3977,1988,0.432,0.48,0.494,0.494,0.5065,0.49687578105473634,0,2268,1922,0.7,0.5866910866910867,0.6075,0.4375,0.7456875000000001,0.5311164529914529,13,True
4001,1742,3484,3943,25,3977,2,40,13,400,231,192,3977,1988,0.408,0.444,0.454,0.476,0.4935,0.49687578105473634,0,2222,1894,0.6858024691358025,0.5781440781440782,0.5775,0.48,0.708863425925926,0.5827106227106227,13,True
