scheme,source_marker,family,source_status,parameter_set,nist_level,public_key_bytes,signature_bytes,pk_plus_sig_bytes,sign_time_display,verify_time_display,assumption
ECDSA,💣,Pre-Quantum,Classic,P-256,,65,72,137,22.3 µs,63.7 µs,Elliptic Curves
ECDSA,💣,Pre-Quantum,Classic,P-384,,97,104,201,161.7 µs,366.1 µs,Elliptic Curves
ECDSA,💣,Pre-Quantum,Classic,P-521,,133,139,272,205.1 µs,391.1 µs,Elliptic Curves
EdDSA,💣,Pre-Quantum,Classic,Ed25519,,32,64,96,33.7 µs,88.8 µs,Elliptic Curves
EdDSA,💣,Pre-Quantum,Classic,Ed448,,57,114,171,137.3 µs,174.3 µs,Elliptic Curves
FAEST,,Symmetric,On-ramp,128s,1,32,4066,4098,3.00 ms,2.62 ms,AES
FAEST,,Symmetric,On-ramp,128f,1,32,5170,5202,423.0 µs,309.4 µs,AES
FAEST,,Symmetric,On-ramp,EM-128s,1,32,3466,3498,1.75 ms,1.52 ms,AES
FAEST,,Symmetric,On-ramp,EM-128f,1,32,4170,4202,351.3 µs,235.1 µs,AES
FAEST,,Symmetric,On-ramp,192s,3,48,9410,9458,12.06 ms,9.90 ms,AES
FAEST,,Symmetric,On-ramp,192f,3,48,11738,11786,1.82 ms,1.41 ms,AES
FAEST,,Symmetric,On-ramp,EM-192s,3,48,7874,7922,8.49 ms,7.97 ms,AES
FAEST,,Symmetric,On-ramp,EM-192f,3,48,9818,9866,1.19 ms,891.3 µs,AES
FAEST,,Symmetric,On-ramp,256s,5,48,16626,16674,17.20 ms,16.72 ms,AES
FAEST,,Symmetric,On-ramp,256f,5,48,20856,20904,2.55 ms,2.02 ms,AES
FAEST,,Symmetric,On-ramp,EM-256s,5,64,14554,14618,11.76 ms,11.02 ms,AES
FAEST,,Symmetric,On-ramp,EM-256f,5,64,18084,18148,2.16 ms,1.64 ms,AES
Falcon,,Lattices,Std pending,1024,5,1793,1280,3073,319.1 µs,33.4 µs,NTRU-SIS
Falcon,,Lattices,Std pending,512,1,897,666,1563,162.8 µs,19.5 µs,NTRU-SIS
HAWK,🧨,Lattices,On-ramp,1024,5,2440,1221,3661,50.8 µs,51.4 µs,Lattice Isomorphism
HAWK,🧨,Lattices,On-ramp,512,1,1024,555,1579,21.8 µs,25.0 µs,Lattice Isomorphism
MAYO,,Multivariate,On-ramp,five,5,5554,964,6518,215.4 µs,91.4 µs,Multivariate Quadratic
MAYO,,Multivariate,On-ramp,three,3,2986,681,3667,94.4 µs,41.3 µs,Multivariate Quadratic
MAYO,,Multivariate,On-ramp,two,1,2928,239,3167,26.4 µs,11.3 µs,Multivariate Quadratic
MAYO,,Multivariate,On-ramp,one,1,1456,464,1920,47.2 µs,20.9 µs,Multivariate Quadratic
ML-DSA,,Lattices,FIPS,ML-DSA-87,5,2592,4627,7219,96.7 µs,54.1 µs,MLWE/MSIS
ML-DSA,,Lattices,FIPS,ML-DSA-65,3,1952,3309,5261,76.1 µs,34.7 µs,MLWE/MSIS
ML-DSA,,Lattices,FIPS,ML-DSA-44,2,1312,2420,3732,46.7 µs,21.6 µs,MLWE/MSIS
MQOM,,MPCitH,On-ramp,L1-gf2-shorter-ct,1,52,2492,2544,2.52 ms,1.80 ms,Multivariate Quadratic
MQOM,,MPCitH,On-ramp,L1-gf2-shorter-ot,1,52,2492,2544,3.64 ms,3.51 ms,Multivariate Quadratic
MQOM,,MPCitH,On-ramp,L1-gf16-short-ct,1,64,2932,2996,807.1 µs,921.5 µs,Multivariate Quadratic
MQOM,,MPCitH,On-ramp,L1-gf16-short-ot,1,64,2932,2996,905.9 µs,899.3 µs,Multivariate Quadratic
MQOM,,MPCitH,On-ramp,L1-gf16-fast-ct,1,64,3316,3380,272.9 µs,293.4 µs,Multivariate Quadratic
MQOM,,MPCitH,On-ramp,L1-gf16-fast-ot,1,64,3316,3380,307.5 µs,289.9 µs,Multivariate Quadratic
MQOM,,MPCitH,On-ramp,L3-gf2-shorter-ct,3,78,5932,6010,7.27 ms,6.97 ms,Multivariate Quadratic
MQOM,,MPCitH,On-ramp,L3-gf2-shorter-ot,3,78,5890,5968,9.74 ms,8.86 ms,Multivariate Quadratic
MQOM,,MPCitH,On-ramp,L3-gf16-short-ct,3,96,6556,6652,3.75 ms,4.08 ms,Multivariate Quadratic
MQOM,,MPCitH,On-ramp,L3-gf16-short-ot,3,96,6556,6652,5.45 ms,4.92 ms,Multivariate Quadratic
MQOM,,MPCitH,On-ramp,L3-gf16-fast-ct,3,96,7564,7660,1.13 ms,1.19 ms,Multivariate Quadratic
MQOM,,MPCitH,On-ramp,L3-gf16-fast-ot,3,96,7660,7756,1.32 ms,1.27 ms,Multivariate Quadratic
MQOM,,MPCitH,On-ramp,L5-gf2-shorter-ct,5,104,10836,10940,10.99 ms,12.28 ms,Multivariate Quadratic
MQOM,,MPCitH,On-ramp,L5-gf2-shorter-ot,5,104,10804,10908,13.71 ms,13.25 ms,Multivariate Quadratic
MQOM,,MPCitH,On-ramp,L5-gf16-short-ct,5,128,12100,12228,4.66 ms,5.57 ms,Multivariate Quadratic
MQOM,,MPCitH,On-ramp,L5-gf16-short-ot,5,128,11716,11844,6.26 ms,6.05 ms,Multivariate Quadratic
MQOM,,MPCitH,On-ramp,L5-gf16-fast-ct,5,128,13540,13668,1.89 ms,2.00 ms,Multivariate Quadratic
MQOM,,MPCitH,On-ramp,L5-gf16-fast-ot,5,128,13380,13508,2.38 ms,2.05 ms,Multivariate Quadratic
QR-UOV,,Multivariate,On-ramp,I-(127 156 54 3),1,24256,200,24456,142.2 µs,80.6 µs,UOV
QR-UOV,,Multivariate,On-ramp,I-(127 540 60 10),1,11041,541,11582,725.7 µs,230.8 µs,UOV
QR-UOV,,Multivariate,On-ramp,III-(127 228 78 3),3,71884,292,72176,393.4 µs,232.5 µs,UOV
QR-UOV,,Multivariate,On-ramp,III-(127 820 90 10),3,35454,821,36275,2.43 ms,721.9 µs,UOV
QR-UOV,,Multivariate,On-ramp,V-(127 306 105 3),5,173660,392,174052,963.9 µs,540.9 µs,UOV
QR-UOV,,Multivariate,On-ramp,V-(127 1040 110 10),5,63541,1039,64580,4.39 ms,1.42 ms,UOV
RSA,💣,Pre-Quantum,Classic,2048,,272,256,528,524.9 µs,20.2 µs,Factoring
RSA,💣,Pre-Quantum,Classic,3072,,422,384,806,1.18 ms,39.5 µs,Factoring
RSA,💣,Pre-Quantum,Classic,4096,,550,512,1062,2.16 ms,64.3 µs,Factoring
SDitH,,MPCitH,On-ramp,SDitH2-L1-gf2-short,1,70,3721,3791,2.46 ms,2.22 ms,Synd. Dec.
SDitH,,MPCitH,On-ramp,SDitH2-L1-gf2-fast,1,70,4914,4984,531.5 µs,450.2 µs,Synd. Dec.
SDitH,,MPCitH,On-ramp,SDitH2-L3-gf2-short,3,98,8484,8582,11.26 ms,11.07 ms,Synd. Dec.
SDitH,,MPCitH,On-ramp,SDitH2-L3-gf2-fast,3,98,10852,10950,2.53 ms,2.38 ms,Synd. Dec.
SDitH,,MPCitH,On-ramp,SDitH2-L5-gf2-short,5,132,15147,15279,17.48 ms,17.27 ms,Synd. Dec.
SDitH,,MPCitH,On-ramp,SDitH2-L5-gf2-fast,5,132,19144,19276,3.81 ms,3.58 ms,Synd. Dec.
SLH-DSA,,Symmetric,FIPS,SHAKE-192s,3,48,16224,16272,992.53 ms,819.9 µs,Hash-based
SLH-DSA,,Symmetric,FIPS,SHAKE-256s,5,64,29792,29856,912.60 ms,1.21 ms,Hash-based
SLH-DSA,,Symmetric,FIPS,SHAKE-128s,1,32,7856,7888,556.73 ms,557.0 µs,Hash-based
SLH-DSA,,Symmetric,FIPS,SHAKE-256f,5,64,49856,49920,93.23 ms,2.43 ms,Hash-based
SLH-DSA,,Symmetric,FIPS,SHAKE-192f,3,48,35664,35712,44.85 ms,2.36 ms,Hash-based
SLH-DSA,,Symmetric,FIPS,SHAKE-128f,1,32,17088,17120,27.12 ms,1.61 ms,Hash-based
SNOVA,ℹ️,Multivariate,On-ramp,SNOVA_I_K,1,376,528,904,164.9 µs,62.3 µs,Non-comm. Ring UOV
SNOVA,ℹ️,Multivariate,On-ramp,SNOVA_I_B,1,656,388,1044,176.2 µs,56.9 µs,Non-comm. Ring UOV
SNOVA,ℹ️,Multivariate,On-ramp,SNOVA_I_S,1,1016,272,1288,130.3 µs,50.8 µs,Non-comm. Ring UOV
SNOVA,ℹ️,Multivariate,On-ramp,SNOVA_III_K,3,912,688,1600,357.7 µs,128.8 µs,Non-comm. Ring UOV
SNOVA,ℹ️,Multivariate,On-ramp,SNOVA_III_B,3,1416,532,1948,388.3 µs,129.3 µs,Non-comm. Ring UOV
SNOVA,ℹ️,Multivariate,On-ramp,SNOVA_III_S,3,2032,456,2488,453.6 µs,133.5 µs,Non-comm. Ring UOV
SNOVA,ℹ️,Multivariate,On-ramp,SNOVA_V_K,5,1216,896,2112,946.2 µs,276.5 µs,Non-comm. Ring UOV
SNOVA,ℹ️,Multivariate,On-ramp,SNOVA_V_B,5,1891,691,2582,935.5 µs,211.3 µs,Non-comm. Ring UOV
SNOVA,ℹ️,Multivariate,On-ramp,SNOVA_V_S,5,2716,591,3307,999.4 µs,209.3 µs,Non-comm. Ring UOV
SQIsign,,Isogenies,On-ramp,V,5,169,406,575,209.68 ms,20.42 ms,Isogenies
SQIsign,,Isogenies,On-ramp,III,3,129,306,435,99.28 ms,8.37 ms,Isogenies
SQIsign,,Isogenies,On-ramp,I,1,83,200,283,25.96 ms,3.22 ms,Isogenies
UOV,,Multivariate,On-ramp,V-pkc,5,446992,275,447267,120.5 µs,411.1 µs,UOV
UOV,,Multivariate,On-ramp,V-classic,5,3232320,275,3232595,126.8 µs,115.5 µs,UOV
UOV,,Multivariate,On-ramp,III-pkc,3,189232,209,189441,46.7 µs,167.4 µs,UOV
UOV,,Multivariate,On-ramp,III-classic,3,1347912,209,1348121,44.3 µs,60.4 µs,UOV
UOV,,Multivariate,On-ramp,Is-pkc,1,66576,96,66672,16.9 µs,47.6 µs,UOV
UOV,,Multivariate,On-ramp,Is-classic,1,412160,96,412256,17.8 µs,11.7 µs,UOV
UOV,,Multivariate,On-ramp,Ip-pkc,1,46591,135,46726,15.4 µs,43.8 µs,UOV
UOV,,Multivariate,On-ramp,Ip-classic,1,321300,135,321435,14.9 µs,17.6 µs,UOV
