cell,id,family,n,N,nsol,brial_unsat,max_step_degree,degrees,gb_size,wall_s
n9-poly,n9-poly-S3-0000,S3,9,18,0,True,4,2 2 3 3 3 2 2 3 3 4 2 2 2 2 2,1,0.087
n9-poly,n9-poly-NULL-0000,NULL,9,18,-1,True,4,2 3 3 3 2 3 1 2 2 2 3 2 3 4 4 4 3 3,1,0.096
n9-poly,n9-poly-S3-0001,S3,9,18,0,True,4,2 2 3 3 2 2 2 3 3 4 2 2,1,0.048
n9-poly,n9-poly-NULL-0001,NULL,9,18,-1,True,4,2 3 4 2 3 2 2 3 2 2 2 2 3 3 4 3 4 3 3 3 3 3 3 4 4 2 2 3 3 2 2,1,0.155
n9-poly,n9-poly-S3-0002,S3,9,18,0,True,4,2 2 3 3 3 2 2 3 3 4 2 2 2 2 2,1,0.063
n9-poly,n9-poly-NULL-0002,NULL,9,18,-1,True,3,2 3 3 3 3 2 2 3 3 3 3 2 2 2 2 3,1,0.065
n9-poly,n9-poly-S3-0003,S3,9,18,0,True,4,2 2 3 3 2 2 2 2 3 3 4 2 2 2 2 2,1,0.049
n9-poly,n9-poly-NULL-0003,NULL,9,18,-1,False,4,2 3 3 3 3 2 2 3 3 4 3 3 3 3 2 3 4 3 3 2 3 3 3 2 3 4 4 4 2 2 3 2 3 4 4,17,0.161
n9-poly,n9-poly-S3-0004,S3,9,18,0,True,4,2 2 3 3 2 3 2 3 4 2 2 2 2 1 2 3 2,1,0.051
n9-poly,n9-poly-NULL-0004,NULL,9,18,-1,False,4,2 3 3 3 2 2 3 2 2 2 3 3 4 3 2 3 2 2 3 3 3 3 2 3 3 4 3 3 3 2 2 2 3 2 4 3 4,17,0.123
n9-poly,n9-poly-S3-0006,S3,9,18,0,True,4,2 2 3 3 2 3 2 2 3 3 4 2 2 2 2 2 1 2 3 2,1,0.046
n9-poly,n9-poly-NULL-0006,NULL,9,18,-1,False,5,2 3 3 4 3 2 3 3 3 4 4 2 3 3 2 3 3 3 2 3 4 2 3 3 3 3 3 2 2 3 4 3 4 5 3,17,0.219
n9-poly,n9-poly-S3-0007,S3,9,18,0,True,4,2 2 3 3 3 2 2 3 3 4 2 2 2 2 1 2,1,0.065
n9-poly,n9-poly-NULL-0007,NULL,9,18,-1,False,5,2 3 3 3 4 3 2 2 2 2 2 3 3 3 3 3 4 3 3 3 3 3 3 3 2 3 4 2 2 3 3 3 2 2 3 4 2 3 4 5,18,0.146
n9-poly,n9-poly-S3-0008,S3,9,18,0,True,4,2 2 3 3 2 2 2 3 3 4 2 2 2 2 2,1,0.054
n9-poly,n9-poly-NULL-0008,NULL,9,18,-1,False,4,2 3 3 3 3 3 2 2 3 3 4 3 3 2 3 3 3 3 4 3 3 2 2 3 2 3 3 4 1 2 2 3 2 3 4 3 4,17,0.318
n9-poly,n9-poly-S3-0009,S3,9,18,0,True,4,2 2 3 3 3 2 2 3 3 4 2 2 2 2 1 2,1,0.066
n9-poly,n9-poly-NULL-0009,NULL,9,18,-1,False,4,2 3 3 3 3 3 2 2 3 3 4 4 2 3 2 3 3 2 3 3 1 2 4,18,0.107
n9-poly,n9-poly-S3-0011,S3,9,18,0,True,4,2 2 3 3 2 2 2 2 3 3 4 2 2 2 2 2,1,0.066
n9-poly,n9-poly-NULL-0011,NULL,9,18,-1,True,4,2 3 3 3 3 2 2 2 3 3 4 4 2 3 3 3,1,0.071
n9-poly,n9-poly-S3-0012,S3,9,18,0,True,4,2 2 3 3 3 2 2 2 3 3 4 2 2 2 2,1,0.07
n9-poly,n9-poly-NULL-0012,NULL,9,18,-1,False,5,2 3 3 3 3 3 2 2 3 3 4 3 3 3 3 3 3 3 3 3 3 3 3 3 3 3 3 4 3 3 4 4 5,47,0.131
n9-poly,n9-poly-S3-0013,S3,9,18,0,True,4,2 2 3 3 2 3 2 3 3 4 2 2 2 2 2,1,0.048
n9-poly,n9-poly-NULL-0013,NULL,9,18,-1,False,5,2 3 4 3 3 2 2 3 3 4 4 2 3 3 2 3 3 2 2 2 2 2 2 2 2 2 3 2 3 4 3 4 5 4,17,0.111
n9-poly,n9-poly-S3-0014,S3,9,18,0,True,4,2 2 3 3 2 2 2 3 3 4 2 2,1,0.045
n9-poly,n9-poly-S3-0015,S3,9,18,0,True,4,2 2 3 3 3 2 3 2 3 4 2 2 2 3 2 2 2,1,0.068
n9-poly,n9-poly-S3-0016,S3,9,18,0,True,4,2 2 3 3 2 3 2 3 3 4 2 2 2 2 2,1,0.076
n9-poly,n9-poly-S3-0017,S3,9,18,0,True,4,2 2 3 3 3 2 2 3 3 4 2 2 2 2 3 3,1,0.106
n9-poly,n9-poly-S3-0018,S3,9,18,0,True,4,2 2 3 3 3 2 3 3 4 1 2 2,1,0.078
n9-poly,n9-poly-S3-0020,S3,9,18,0,True,4,2 2 3 3 2 3 2 2 3 3 4 2 2 2 2 2 2 2,1,0.077
n9-poly,n9-poly-S3-0021,S3,9,18,0,True,4,2 2 3 3 2 3 2 3 4 2 2 2 2 1 2 3 2,1,0.084
n9-poly,n9-poly-S3-0022,S3,9,18,0,True,4,2 2 3 3 3 2 2 2 3 3 4 2 2 2 2,1,0.055
n9-poly,n9-poly-S3-0023,S3,9,18,0,True,4,2 2 3 3 3 2 2 3 3 4 2 2 2 2 3 3 2 2 2,1,0.053
n9-poly,n9-poly-S3-0024,S3,9,18,0,True,4,2 2 3 3 3 2 2 3 3 4 2 2,1,0.031
n9-poly,n9-poly-S3-0025,S3,9,18,0,True,4,2 2 3 3 3 2 3 3 4 2 2 2 2,1,0.057
n9-poly,n9-poly-S3-0026,S3,9,18,0,True,4,2 2 3 3 2 2 2 3 3 4 2 2,1,0.04
n9-poly,n9-poly-S3-0027,S3,9,18,0,True,4,2 2 3 3 2 2 2 2 2 3 3 4 2 2 2 2 2 2,1,0.061
n9-poly,n9-poly-S3-0028,S3,9,18,0,True,4,2 2 3 3 2 3 2 3 3 4 2 2 2 2 2,1,0.058
n9-poly,n9-poly-S3-0029,S3,9,18,0,True,4,2 2 3 3 3 2 2 3 3 4 2 2 2 2 2 2 2 2,1,0.055
n9-poly,n9-poly-S3-0030,S3,9,18,0,True,4,2 2 3 3 3 2 3 3 4 2 2,1,0.052
n9-poly,n9-poly-S3-0031,S3,9,18,0,True,4,2 2 3 3 3 2 2 3 2 3 4 2 2 2 2,1,0.055
n9-poly,n9-poly-S3-0032,S3,9,18,0,True,4,2 2 3 3 2 2 2 2 3 3 4 2 2,1,0.073
n9-poly,n9-poly-S3-0033,S3,9,18,0,True,4,2 2 3 3 2 2 2 3 3 4 2 2,1,0.048
n9-poly,n9-poly-S3-0034,S3,9,18,0,True,4,2 2 3 3 2 3 2 2 3 3 4 2 2 2,1,0.063
n9-poly,n9-poly-S3-0035,S3,9,18,0,True,4,2 2 3 3 2 3 2 2 3 3 4 2 2 2 2 2 1 2 3 2,1,0.055
n9-poly,n9-poly-S3-0036,S3,9,18,0,True,4,2 2 3 3 2 2 2 3 2 3 4 2 2 2 2 2,1,0.039
n9-poly,n9-poly-S3-0037,S3,9,18,0,True,4,2 2 3 3 2 2 2 2 3 2 3 4 2 2,1,0.044
n9-poly,n9-poly-S3-0038,S3,9,18,0,True,4,2 2 3 3 3 2 2 3 2 3 4 2 2 2,1,0.05
n9-poly,n9-poly-S3-0039,S3,9,18,0,True,4,2 2 3 3 3 2 3 3 4 2 2,1,0.062
n9-poly,n9-poly-S3-0040,S3,9,18,0,True,4,2 2 3 3 2 2 2 3 2 3 4 2 2 2 2 3,1,0.05
n9-poly,n9-poly-S3-0041,S3,9,18,0,True,4,2 2 3 3 2 2 2 2 3 2 3 4 2 2,1,0.046
n9-poly,n9-poly-S3-0044,S3,9,18,0,True,4,2 2 3 3 2 3 2 2 3 3 4 2 2 2 2 2 2,1,0.054
n9-poly,n9-poly-S3-0005,S3,9,18,3,False,4,2 2 3 3 2 2 2 3 3 4 2 2 2 3 2 2 3 4 3 4,17,0.07
n9-poly,n9-poly-S3-0010,S3,9,18,3,False,4,2 2 3 3 3 2 2 2 3 2 3 4 2 2 2 3 3 1 2 2 3 2 4 4,17,0.065
n9-poly,n9-poly-S3-0019,S3,9,18,11,False,4,2 2 3 3 2 3 2 2 3 2 3 4 2 2 3 3 2 2 3 3 4,36,0.072
n9-poly,n9-poly-S3-0042,S3,9,18,6,False,4,2 2 3 3 2 3 2 2 3 3 4 2 2 2 3 3 3 3 2 2 3 3 4,19,0.07
n9-poly,n9-poly-S3-0043,S3,9,18,11,False,4,2 2 3 3 2 3 2 2 3 2 3 4 2 2 3 3 2 2 3 3 4,36,0.087
n9-poly,n9-poly-S3-0049,S3,9,18,3,False,4,2 2 3 3 3 2 2 2 3 3 4 2 2 2 2 3 2 3 2 3 4 3,17,0.088
n9-poly,n9-poly-S3-0057,S3,9,18,3,False,4,2 2 3 3 2 2 2 3 3 4 2 2 2 3 2 2 3 4 3 4,17,0.071
n9-poly,n9-poly-S3-0069,S3,9,18,3,False,4,2 2 3 3 3 2 2 3 2 3 4 2 2 2 2 2 2 3 2 3 2 2 3 4 4,17,0.058
n9-poly,n9-poly-S3-0104,S3,9,18,6,False,4,2 2 3 3 2 2 2 2 3 3 4 2 2 2 3 2 2 2 3 2 3 4,19,0.072
n9-poly,n9-poly-S3-0105,S3,9,18,3,False,4,2 2 3 3 3 2 2 2 3 2 3 4 2 2 2 3 3 1 2 2 3 2 4 4,17,0.054
n9-poly,n9-poly-NULL2-0000,NULL2,9,18,0,True,6,2 3 4 5 5 5 6 6,1,71.458
n9-poly,n9-poly-NULL2-0001,NULL2,9,18,0,True,6,2 3 4 5 6 6,1,56.894
n9-poly,n9-poly-NULL2-0002,NULL2,9,18,2,False,8,2 3 4 4 5 5 5 5 6 6 2 2 3 2 3 4 2 3 4 5 2 3 4 6 2 4 5 6 7 2 8,17,63.837
n9-poly,n9-poly-NULL2-0003,NULL2,9,18,2,False,8,2 3 4 5 5 6 6 2 2 3 2 3 4 2 3 4 5 3 4 5 6 2 5 6 7 2 8 2,17,63.203
n9-poly,n9-poly-NULL2-0004,NULL2,9,18,0,True,6,2 3 4 5 5 6 6,1,47.99
n9-poly,n9-poly-NULL2-0005,NULL2,9,18,0,True,6,2 3 4 5 5 6 6,1,50.488
n9-poly,n9-poly-NULL2-0006,NULL2,9,18,1,False,8,2 3 4 4 5 5 6 6 2 3 4 5 6 7 8,18,54.813
n9-poly,n9-poly-NULL2-0007,NULL2,9,18,0,True,6,2 3 4 5 5 6 6,1,48.865
n9-poly,n9-poly-NULL2-0008,NULL2,9,18,1,False,8,2 3 4 4 4 5 5 6 6 2 3 4 5 6 7 8,18,55.715
n9-poly,n9-poly-NULL2-0009,NULL2,9,18,1,False,8,2 3 4 5 5 6 6 2 3 4 5 6 7 8,18,58.25
n9-poly,n9-poly-NULL2-0010,NULL2,9,18,1,False,8,2 3 4 5 5 6 6 2 3 4 5 6 7 8,18,57.312
n9-poly,n9-poly-NULL2-0011,NULL2,9,18,0,True,6,2 3 4 5 5 6 6,1,54.638
n11-poly,n11-poly-S3-0001,S3,11,23,0,True,4,2 2 3 3 4 4 4 2 3 3 4 3 4 2 3 3,1,0.517
n11-poly,n11-poly-NULL-0001,NULL,11,23,-1,False,5,2 3 4 4 4 3 3 3 3 3 4 4 3 4 2 3 4 4 3 2 2 3 3 4 2 3 4 5,22,1.837
n11-poly,n11-poly-S3-0002,S3,11,23,0,True,4,2 2 3 3 4 4 4 3 3 4 3 4 2 3 3,1,0.766
n11-poly,n11-poly-NULL-0002,NULL,11,23,-1,False,5,2 3 4 4 3 3 3 3 3 4 4 2 3 4 4 2 2 2 3 3 4 4 5,23,1.742
n11-poly,n11-poly-S3-0003,S3,11,23,0,True,4,2 2 3 3 4 4 4 3 3 4 4 2 3 3,1,0.735
n11-poly,n11-poly-NULL-0003,NULL,11,23,-1,False,5,2 3 4 4 4 3 3 3 2 3 3 4 4 3 4 4 4 2 2 2 3 3 4 4 2 2 3 3 4 5 3,24,1.162
n11-poly,n11-poly-S3-0004,S3,11,23,0,True,4,2 2 3 3 4 4 4 2 3 3 4 3 4 2 3 3 3,1,0.81
n11-poly,n11-poly-NULL-0004,NULL,11,23,-1,False,5,2 3 4 4 4 4 3 3 4 4 4 4 2 3 3 4 4 4 4 2 2 3 2 3 4 3 4 5 3 4,22,3.112
n11-poly,n11-poly-S3-0006,S3,11,23,0,True,4,2 2 3 3 4 4 4 3 3 4 4 2 3 3,1,0.729
n11-poly,n11-poly-NULL-0006,NULL,11,23,-1,False,5,2 3 4 4 3 3 3 2 2 3 3 4 3 4 3 4 4 4 2 2 2 3 3 4 5 3 4 5,28,0.873
n11-poly,n11-poly-S3-0008,S3,11,23,0,True,4,2 2 3 3 4 4 4 3 3 4 3 4 2 2 3 2 2 3,1,0.82
n11-poly,n11-poly-NULL-0008,NULL,11,23,-1,False,5,2 3 4 4 4 4 3 3 4 4 2 3 3 4 4 2 2 3 2 3 4 3 4 5 3,23,2.139
n11-poly,n11-poly-S3-0009,S3,11,23,0,True,4,2 2 3 3 4 4 4 3 3 4 4 2 3 3,1,0.705
n11-poly,n11-poly-NULL-0009,NULL,11,23,-1,False,5,2 3 4 4 4 3 3 3 3 3 4 4 3 4 4 4 2 3 4 5,23,3.248
n11-poly,n11-poly-S3-0010,S3,11,23,0,True,4,2 2 3 3 4 4 4 3 3 4 4 2 2 2 3 3,1,0.714
n11-poly,n11-poly-NULL-0010,NULL,11,23,-1,True,4,2 3 4 4 4 4 4 2 2 3 3 4 3 4 4 4 2 2 3 3 3 3 3 4 3 3,1,0.881
