authorization-validation.txt	a17fcf0a2f50e2d495e4f90ce263410edc183add6c62699a2facbccf60410f74	5	600
consumption-blob-sha1.txt	353382938453f0012c31362e3c3d6c69f85891d94a3f1edb9ce5bd83b7211e31	41	600
consumption-candidate-blob-sha1.txt	353382938453f0012c31362e3c3d6c69f85891d94a3f1edb9ce5bd83b7211e31	41	600
consumption-candidate-commit-sha1.txt	34a67b2bc752ac7426a6b9e11956b9917cc54c55050c339fa3761299860bd93a	41	600
consumption-candidate-tree-sha1.txt	5b3f6a378891ed9484a7630aa138e2fd92156bea7950991033b333ec6d1a04a0	41	600
consumption-commit-sha1.txt	34a67b2bc752ac7426a6b9e11956b9917cc54c55050c339fa3761299860bd93a	41	600
consumption-git-paths.txt	b72252b2afdd4fc3c2dd855615f1088ae3a7b76dc0f971540c4ccbcae57bb449	856	600
consumption-tree-sha1.txt	5b3f6a378891ed9484a7630aa138e2fd92156bea7950991033b333ec6d1a04a0	41	600
consumption.json	72dd1e0b278ed0758eba6cb0a9b2c689f2e5560663298e78d4df7069a387fb29	398	600
container-id.txt	24280c4d96db39b1f5dffcdbdd1fbca208e65d8d5dd84d64aa8f738598025b20	65	600
docker-cleanup-exit-code.txt	9a271f2a916b0b6ee6cecb2426f0b3206ef074578be55d9bc94f6f3fe3ab86aa	2	600
docker-cleanup-stderr.log	e3b0c44298fc1c149afbf4c8996fb92427ae41e4649b934ca495991b7852b855	0	600
docker-cleanup-verify-exit-code.txt	4355a46b19d348dc2f57c046f8ef63d4538ebb936000f3c9ee954a27460dd865	2	600
docker-cleanup-verify-stderr.log	ce190d3a90c4b15f64d14d7b1fcdfc982746667ad9b3206a624608831d5ee993	88	600
docker-cleanup-verify-stdout.log	37517e5f3dc66819f61f5a7bb8ace1921282415f10551d2defa5c3eb0985b570	3	600
docker-cleanup.log	24280c4d96db39b1f5dffcdbdd1fbca208e65d8d5dd84d64aa8f738598025b20	65	600
docker-create-cid.txt	6d9655ecd6627ac6a33d232c427fcff46cb4325869688258343385e61e275806	64	600
docker-create-exit-code.txt	9a271f2a916b0b6ee6cecb2426f0b3206ef074578be55d9bc94f6f3fe3ab86aa	2	600
docker-create-stderr.log	e3b0c44298fc1c149afbf4c8996fb92427ae41e4649b934ca495991b7852b855	0	600
docker-create-stdout.txt	24280c4d96db39b1f5dffcdbdd1fbca208e65d8d5dd84d64aa8f738598025b20	65	600
docker-inspect-post-stderr.log	e3b0c44298fc1c149afbf4c8996fb92427ae41e4649b934ca495991b7852b855	0	600
docker-inspect-post.json	f8aae5240470caa403a4543814d2d2ebc8bc75798c4ffa7d888a9c335fd37c9e	9959	600
docker-inspect-pre-stderr.log	e3b0c44298fc1c149afbf4c8996fb92427ae41e4649b934ca495991b7852b855	0	600
docker-inspect-pre.json	1c687442024b33b6352095fd9b8efe06c41a90a7587e41c590d0efaa45e09b78	9577	600
docker-name-cleanup-verify-exit-code.txt	4355a46b19d348dc2f57c046f8ef63d4538ebb936000f3c9ee954a27460dd865	2	600
docker-name-cleanup-verify-stderr.log	5c40b6472221ff67acaa2bc9aad44e8a0bcf749fcfe754182043f01b16cfb46a	73	600
docker-name-cleanup-verify-stdout.log	37517e5f3dc66819f61f5a7bb8ace1921282415f10551d2defa5c3eb0985b570	3	600
evidence-input/accounting.json	14ee35553733883239dc7a0e8e37826c50d5a6c06377ff85a4f97271a96e8023	2143	444
evidence-input/authorization-validator.jq	e1b028e166fd5ca729c516fa12fe1dd934817d88eec63db4d8d655eea2b5cbe4	4637	444
evidence-input/decision.json	77f77361991c467e14a4b9d3e18540ed5e93b7818683cc3b25fca447006636f4	2670	444
evidence-input/protocol.json	0b76513583c74153ed1fb1090fa4f0f631909a9808dc94f0efb419162c41ee15	51883	444
evidence-input/red-team.json	d5ac93fb499f703a66eacb31b2db5994d9fa13260fc06df9a525cf9f5dad01f4	2139	444
evidence-input/result-validator.jq	d1c0e5e5b4f8dcda1ddda3aa91e495f05eca02cb0c79615b2d95f75b28857970	9709	444
evidence-input/theory.json	164c72d208282a2ba360aa5ec46873be60bdb6003a5870e37c570f6e0e7f78fe	2135	444
final-forbidden-paths.txt	e3b0c44298fc1c149afbf4c8996fb92427ae41e4649b934ca495991b7852b855	0	600
fixed-overhead-write-plan.json	5606e6c2a6b85bf03725090a1e17a9f719d4c600757022ce4bfdacf8f42610ae	1819	600
git-archive-stderr.log	e3b0c44298fc1c149afbf4c8996fb92427ae41e4649b934ca495991b7852b855	0	600
input.tar	d4f568f328231728a9d52ce55f5ea70b138d078d376c39b12c16643187fe7e82	92160	600
pipeline-status.txt	f456c1ffc6a33cd5dae1ca90cf499aadeabb167b9e687175a8fc62476833374c	6	600
pipeline-wrapper-exit-code.txt	9a271f2a916b0b6ee6cecb2426f0b3206ef074578be55d9bc94f6f3fe3ab86aa	2	600
post-run-cleanup-inspect-exit-code.txt	9a271f2a916b0b6ee6cecb2426f0b3206ef074578be55d9bc94f6f3fe3ab86aa	2	600
post-run-cleanup-inspect-stderr.log	e3b0c44298fc1c149afbf4c8996fb92427ae41e4649b934ca495991b7852b855	0	600
post-run-cleanup-inspect.json	f8aae5240470caa403a4543814d2d2ebc8bc75798c4ffa7d888a9c335fd37c9e	9959	600
post-run-cleanup-ownership-basis.txt	e0536e80d32a97fa447d2ca0eeb8bad0a0534373410239ef8d9cb948f494aa8c	30	600
pre-execution-forbidden-paths.txt	e3b0c44298fc1c149afbf4c8996fb92427ae41e4649b934ca495991b7852b855	0	600
preflight.log	589e33cc25c745fd8bed1adb3d78669227311dfa3122278c4c44022f7a50382f	35	600
resource.txt	deac632f66393f63bdf14fcc785c8ff3093ba5243bd1c2c12de562292d2b195d	753	600
started-at-utc.txt	6828e1f7dea44230efe2b1186be370ca8b7454f74cdef50c7bdb0708d26999f9	21	600
stderr.log	e3b0c44298fc1c149afbf4c8996fb92427ae41e4649b934ca495991b7852b855	0	600
stdout.json	191f1f26ea73d8eeda885bbe61e8d49468f9e8559851ec61272484be0ff6d018	1337	600
tee-stderr.log	e3b0c44298fc1c149afbf4c8996fb92427ae41e4649b934ca495991b7852b855	0	600
timeout-controller.log	e3b0c44298fc1c149afbf4c8996fb92427ae41e4649b934ca495991b7852b855	0	600
timeout-observed.txt	2ed27c1421e6928dbe13dbfdb5c59e1045b30341fe7ebe05700006bc5ac572c0	6	600
