# table 0 of refs.html -- 1 rows; EMPTY CELLS ARE PRESERVED as empty fields
SafeCurves:choosing safe curves for elliptic-curve cryptography

# table 1 of refs.html -- 1 rows; EMPTY CELLS ARE PRESERVED as empty fields
Introduction

# table 2 of refs.html -- 5 rows; EMPTY CELLS ARE PRESERVED as empty fields
Curve parameters:
Fields
Equations
Base points
Prime proofs

# table 3 of refs.html -- 5 rows; EMPTY CELLS ARE PRESERVED as empty fields
ECDLP security:
Rho
Transfers
Discriminants
Rigidity

# table 4 of refs.html -- 5 rows; EMPTY CELLS ARE PRESERVED as empty fields
ECC security:
Ladders
Twists
Completeness
Indistinguishability

# table 5 of refs.html -- 3 rows; EMPTY CELLS ARE PRESERVED as empty fields
More information:
References
Verification
