# table 0 of twist.html -- 1 rows; EMPTY CELLS ARE PRESERVED as empty fields
SafeCurves:choosing safe curves for elliptic-curve cryptography

# table 1 of twist.html -- 1 rows; EMPTY CELLS ARE PRESERVED as empty fields
Introduction

# table 2 of twist.html -- 5 rows; EMPTY CELLS ARE PRESERVED as empty fields
Curve parameters:
Fields
Equations
Base points
Prime proofs

# table 3 of twist.html -- 5 rows; EMPTY CELLS ARE PRESERVED as empty fields
ECDLP security:
Rho
Transfers
Discriminants
Rigidity

# table 4 of twist.html -- 5 rows; EMPTY CELLS ARE PRESERVED as empty fields
ECC security:
Ladders
Twists
Completeness
Indistinguishability

# table 5 of twist.html -- 3 rows; EMPTY CELLS ARE PRESERVED as empty fields
More information:
References
Verification

# table 6 of twist.html -- 21 rows; EMPTY CELLS ARE PRESERVED as empty fields
Curve	Cost for combined attack above 2^100?	Cost for combined attack
Anomalous	False	2^53.5
M-221	True✔	2^107.3
E-222	True✔	2^108.8
NIST P-224	False	2^58.4
Curve1174	True✔	2^123.3
Curve25519	True✔	2^124.3
BN(2,254)	False	2^93.2
brainpoolP256t1	False	2^44.5
ANSSI FRP256v1	False	2^79.4
NIST P-256	True✔	2^120.3
secp256k1	True✔	2^109.5
E-382	True✔	2^188.8
M-383	True✔	2^188.3
Curve383187	True✔	2^188.3
brainpoolP384t1	True✔	2^118.5
NIST P-384	True✔	2^191.8
Curve41417	True✔	2^203.8
Ed448-Goldilocks	True✔	2^221.8
M-511	True✔	2^252.3
E-521	True✔	2^258.3

# table 7 of twist.html -- 21 rows; EMPTY CELLS ARE PRESERVED as empty fields
Curve	ℓ'
Anomalous	142215960774543971001476431146737 = 0x703048d8c5db158c233fbeaeef1 = 142215960774543971001476431146737
M-221	842498333348457493583344221469362581248531362447993170180305534793 = 0x7ffffffffffffffffffffffffffd4bee2519e2eba1101ff5f7b3f49 = 2^219 - 877302629400756399719854182285495
E-222	1684996666696914987166688442938727098634905596057513265952429863687 = 0x100000000000000000000000000008f3436a16cd07fd0cebdca67307 = 2^220 + 181532584069648727485883454223111
NIST P-224	177594041488131583478651368420021457 = 0x22340ff0f7eba57b33ac73e28a14d1 = 177594041488131583478651368420021457
Curve1174	904625697166532776746648320380374280115004475121138339093035488349999675019 = 0x200000000000000000000000000000008869a3b202cf8cb76bb2ba02e99368b = 2^249 + 11332719920821432534773113288178349707
Curve25519	14474011154664524427946373126085988481603263447650325797860494125407373907997 = 0x1fffffffffffffffffffffffffffffffd6420c42ba10c6534fdb39cb4614581d = 2^253 - 55484635554744707071703875581767296995
BN(2,254)	49603261419390422248082736481 = 0xa046db2da9d98120e62d8561 = 49603261419390422248082736481
brainpoolP256t1	401601867518226318515439169 = 0x14c3280dca3d4480aab0641 = 401601867518226318515439169
ANSSI FRP256v1	837116414630376960702915782614178937699338555837 = 0x92a19928f2506abd9379499cf6ce820fdf9811bd = 837116414630376960702915782614178937699338555837
NIST P-256	3317349640749355357762425066592395746459685764401801118712075735758936647 = 0x1e0a75640070a738557cc30f68bd56eaea65c94f98411d17ac4e16ece1a47 = 3317349640749355357762425066592395746459685764401801118712075735758936647
secp256k1	1013176677300131846900870239606035638738100997248092069256697437031 = 0x99ee564ea5d84f508913936a761b0d5d792a426a7779817ae2f5b67 = 1013176677300131846900870239606035638738100997248092069256697437031
E-382	2462625387274654950767440006258975862817483704404090416747798640973052166872502155164123955177369850754744417740979 = 0x1000000000000000000000000000000000000000000000002a04de0de16a111e83a196d7e4efd2d88c1d81ec02c368b3 = 2^380 + 1030303207694556153926491950732314247062623204330168346803
M-383	4925250774549309901534880012517951725634967408808180833493204202978852474404940886836912197553998376631916975561717 = 0x1ffffffffffffffffffffffffffffffffffffffffffffffff270d318a7928b230b9b512109c9b6c372887bb482df1bf5 = 2^381 - 332472551862747032210439589871084306616078468911523226635
Curve383187	4925250774549309901534880012517951725634967408808180833492824513836280681662413952113716808420015056602872733754209 = 0x1fffffffffffffffffffffffffffffffffffffffffffffffe2f4af5af0bd6eea657ca2f69a91f9f77211beee9febe361 = 2^381 - 712161694434539774737374313066473440599398497955765034143
brainpoolP384t1	151574876586344350951092838162750565943171857126657289419000711361563821 = 0x15f6398259ac7dda2f7c681d30855f35002d98b8be11ffecc00647db8cad = 151574876586344350951092838162750565943171857126657289419000711361563821
NIST P-384	39402006196394479212279040100143613805079739270465446667949681528863784143880477088695575868365581090168780292281997 = 0x1000000000000000000000000000000000000000000000000389cb27e0bc8d21ea7e5f24bb74f58851313e697333ad68d = 2^384 + 1388124618062372383266477281309613480665449362152301975181
Curve41417	5288447750321988791615322464262168318627237463714249754277190395559387193645633287411691377616107457765456896611395456028803 = 0x80000000000000000000000000000000000000000000000000014c336dbeb308f9fdd4c90e3fcc7529c30e7e4f18e5a1ef95083 = 2^411 + 33364140863755142520810177694098385178984727200411208589594755
Ed448-Goldilocks	181709681073901722637330951972001133588410340171829515070372549795160160121825800627002436557645897001734148521830156375752993149532941 = 0x400000000000000000000000000000000000000000000000000000000335dc163bb124b65129c96fde933d8d723a70aadc873d6d54a7bb0d = 2^446 + 338093476319795454673879205005611543518120263611892369342742379277
M-511	1675975991242824637446753124775730765934920727574049172215445180465220503759171922590715015775614839398225846029626614843464365685435390161686550775636333 = 0x1fffffffffffffffffffffffffffffffffffffffffffffffffffffffffffffffd09402019e7015310a9aa2285d910cbaa7db5f7ab2abde80b567d48a9128a16d = 2^509 - 21449509519271495248089063028136243684141513254869666057931081617655350124179
E-521	1716199415032652428745475199770348304317358825035826352348615864796385795849414350585403168667069427851954496630506286414241711051155779588293592851887420053 = 0x800000000000000000000000000000000000000000000000000000000000000002ea4939b8b9037a08c94750a1813ac0fb04273ba96570e0babf15dbca0ae7f295 = 2^519 + 337554763258501705789107630418782636071904961214051226618635150085779108655765

# table 8 of twist.html -- 21 rows; EMPTY CELLS ARE PRESERVED as empty fields
Curve	Cofactor	Twist cofactor
Anomalous	1	3^3 * 5 * 47 * 4093 * 2013751 * 2376645121788851
M-221	2^3	2^2
E-222	2^2	2^2
NIST P-224	1	3^2 * 11 * 47 * 3015283 * 40375823 * 267983539294927
Curve1174	2^2	2^2
Curve25519	2^3	2^2
BN(2,254)	1	3^3 * 3583 * 298908837206431 * 11711184643015782903697616449
brainpoolP256t1	1	5^2 * 175939 * 492167257 * 8062915307 * 2590895598527 * 4233394996199
ANSSI FRP256v1	1	7 * 439 * 11760675247 * 3617872258517821
NIST P-256	1	3 * 5 * 13 * 179
secp256k1	1	3^2 * 13^2 * 3319 * 22639
E-382	2^2	2^2
M-383	2^3	2^2
Curve383187	2^3	2^2
brainpoolP384t1	1	7 * 11^2 * 241 * 5557 * 125972502705620325124785968921221517
NIST P-384	1	1
Curve41417	2^3	2^3
Ed448-Goldilocks	2^2	2^2
M-511	2^3	2^2
E-521	2^2	2^2

# table 9 of twist.html -- 21 rows; EMPTY CELLS ARE PRESERVED as empty fields
Curve	Cost for twist rho above 2^100?	Cost for twist rho
Anomalous	False	2^53.2
M-221	True✔	2^109.3
E-222	True✔	2^109.8
NIST P-224	False	2^58.4
Curve1174	True✔	2^124.3
Curve25519	True✔	2^126.3
BN(2,254)	False	2^47.5
brainpoolP256t1	False	2^44.0
ANSSI FRP256v1	False	2^79.4
NIST P-256	True✔	2^120.3
secp256k1	True✔	2^109.5
E-382	True✔	2^189.8
M-383	True✔	2^190.3
Curve383187	True✔	2^190.3
brainpoolP384t1	True✔	2^118.1
NIST P-384	True✔	2^191.8
Curve41417	True✔	2^205.3
Ed448-Goldilocks	True✔	2^222.8
M-511	True✔	2^254.3
E-521	True✔	2^259.3

# table 10 of twist.html -- 21 rows; EMPTY CELLS ARE PRESERVED as empty fields
Curve	Twist safe against additive transfer?	Twist safe against multiplicative transfer?	Twist embedding degree
Anomalous	True✔	True✔	5079141456233713250052729683812= (l'-1)/28
M-221	True✔	True✔	842498333348457493583344221469362581248531362447993170180305534792= (l'-1)/1
E-222	True✔	True✔	842498333348457493583344221469363549317452798028756632976214931843= (l'-1)/2
NIST P-224	True✔	True✔	177594041488131583478651368420021456= (l'-1)/1
Curve1174	True✔	True✔	452312848583266388373324160190187140057502237560569169546517744174999837509= (l'-1)/2
Curve25519	True✔	True✔	14474011154664524427946373126085988481603263447650325797860494125407373907996= (l'-1)/1
BN(2,254)	True✔	True✔	9920652283878084449616547296= (l'-1)/5
brainpoolP256t1	True✔	True✔	25100116719889144907214948= (l'-1)/16
ANSSI FRP256v1	True✔	True✔	209279103657594240175728945653544734424834638959= (l'-1)/4
NIST P-256	True✔	True✔	1658674820374677678881212533296197873229842882200900559356037867879468323= (l'-1)/2
secp256k1	True✔	True✔	168862779550021974483478373267672606456350166208015344876116239505= (l'-1)/6
E-382	True✔	True✔	2462625387274654950767440006258975862817483704404090416747798640973052166872502155164123955177369850754744417740978= (l'-1)/1
M-383	True✔	True✔	2462625387274654950767440006258975862817483704404090416746602101489426237202470443418456098776999188315958487780858= (l'-1)/2
Curve383187	True✔	True✔	4925250774549309901534880012517951725634967408808180833492824513836280681662413952113716808420015056602872733754208= (l'-1)/1
brainpoolP384t1	True✔	True✔	151574876586344350951092838162750565943171857126657289419000711361563820= (l'-1)/1
NIST P-384	True✔	True✔	39402006196394479212279040100143613805079739270465446667949681528863784143880477088695575868365581090168780292281996= (l'-1)/1
Curve41417	True✔	True✔	5288447750321988791615322464262168318627237463714249754277190395559387193645633287411691377616107457765456896611395456028802= (l'-1)/1
Ed448-Goldilocks	True✔	True✔	45427420268475430659332737993000283397102585042957378767593137448790040030456450156750609139411474250433537130457539093938248287383235= (l'-1)/4
M-511	True✔	True✔	418993997810706159361688281193932691483730181893512293053861295116305125939792980647678753943903709849556461507406653710866091421358847540421637693909083= (l'-1)/4
E-521	True✔	True✔	1716199415032652428745475199770348304317358825035826352348615864796385795849414350585403168667069427851954496630506286414241711051155779588293592851887420052= (l'-1)/1
