id,level,b,j,conductor,disc_End,class_number_End,n_points,group,galois_orbit_size,galois_orbit_min_b,rational_73_isogenies,rational_2663_isogenies,min_isogeny_degree_to_crater,cycle11_measured,min_k_with_tau_k_in_End,min_nonscalar_endo_degree,smallest_orbit_smooth_endo,best_modelled_endo_speedup,ghs_magic_m,ghs_genus_bound,aut_group_order,rho_n,rho_verified,rho_mean_ops,rho_sd_ops,rho_mean_ms,ns_per_step_median
0,crater,1,1,1,-7,1,137439487532,cyclic Z/137439487532,1,1,74 down,2664 down,1,1,1,2,3,2.33952,1,2^0,2,5000,5000,14275.0,7359.4,9.6065,592.8
1,floor73,4770292313,3018183038,73,-37303,74,137439487532,cyclic Z/137439487532,37,830932437,1 up,2664 down,73,74,37,9326,333,0.02246,37,2^36,2,1000,1000,14298.5,7215.7,8.9983,589.5
2,floor73,111976657676,55975172566,73,-37303,74,137439487532,cyclic Z/137439487532,37,920450093,1 up,2664 down,73,74,37,9326,333,0.02246,37,2^36,2,1000,1000,14581.6,7368.0,9.1853,583.9
3,floor73,55500334666,19228246944,73,-37303,74,137439487532,cyclic Z/137439487532,37,830932437,1 up,2664 down,73,74,37,9326,333,0.02246,37,2^36,2,1000,1000,14252.2,7216.8,9.6751,592.8
4,floor73,2552102013,51474934893,73,-37303,74,137439487532,cyclic Z/137439487532,37,830932437,1 up,2664 down,73,74,37,9326,333,0.02246,37,2^36,2,1000,1000,14397.0,7072.5,8.9974,599.0
5,floor73,100820499297,25165408897,73,-37303,74,137439487532,cyclic Z/137439487532,37,920450093,1 up,2664 down,73,74,37,9326,333,0.02246,37,2^36,2,1000,1000,14369.1,7355.4,10.0921,590.2
6,floor73,58051638814,43069403268,73,-37303,74,137439487532,cyclic Z/137439487532,37,920450093,1 up,2664 down,73,74,37,9326,333,0.02246,37,2^36,2,1000,1000,14149.4,7157.3,9.1218,580.1
7,floor73,93537206683,107093394991,73,-37303,74,137439487532,cyclic Z/137439487532,37,830932437,1 up,2664 down,73,74,37,9326,333,0.02246,37,2^36,2,1000,1000,13791.5,7346.7,8.4427,591.1
8,floor73,124453994024,59875263077,73,-37303,74,137439487532,cyclic Z/137439487532,37,830932437,1 up,2664 down,73,74,37,9326,333,0.02246,37,2^36,2,1000,1000,14536.7,7215.3,9.1749,587.9
9,floor73,27070300937,89008534803,73,-37303,74,137439487532,cyclic Z/137439487532,37,920450093,1 up,2664 down,73,74,37,9326,333,0.02246,37,2^36,2,1000,1000,14100.4,7104.7,10.2053,582.9
10,floor73,69484383231,131639599829,73,-37303,74,137439487532,cyclic Z/137439487532,37,830932437,1 up,2664 down,73,74,37,9326,333,0.02246,37,2^36,2,1000,1000,14706.7,7633.6,9.207,580.5
11,floor73,7282805287,113190132910,73,-37303,74,137439487532,cyclic Z/137439487532,37,920450093,1 up,2664 down,73,74,37,9326,333,0.02246,37,2^36,2,1000,1000,14229.8,7033.1,9.1161,579.9
12,floor73,830932437,42142941541,73,-37303,74,137439487532,cyclic Z/137439487532,37,830932437,1 up,2664 down,73,74,37,9326,333,0.02246,37,2^36,2,1000,1000,13990.5,6980.8,9.5424,590.8
13,floor73,121446576148,104179362793,73,-37303,74,137439487532,cyclic Z/137439487532,37,830932437,1 up,2664 down,73,74,37,9326,333,0.02246,37,2^36,2,1000,1000,14548.4,7361.4,9.051,583.8
14,floor73,130090741254,102637228399,73,-37303,74,137439487532,cyclic Z/137439487532,37,920450093,1 up,2664 down,73,74,37,9326,333,0.02246,37,2^36,2,1000,1000,14142.1,7333.4,8.7904,602.0
15,floor73,36583096490,80050650010,73,-37303,74,137439487532,cyclic Z/137439487532,37,830932437,1 up,2664 down,73,74,37,9326,333,0.02246,37,2^36,2,1000,1000,14848.4,7482.4,9.1783,591.5
16,floor73,86620927377,9123751094,73,-37303,74,137439487532,cyclic Z/137439487532,37,830932437,1 up,2664 down,73,74,37,9326,333,0.02246,37,2^36,2,1000,1000,14382.7,7547.7,8.9246,585.8
17,floor73,67548982726,67736465549,73,-37303,74,137439487532,cyclic Z/137439487532,37,830932437,1 up,2664 down,73,74,37,9326,333,0.02246,37,2^36,2,1000,1000,13999.7,7507.5,8.8131,593.9
18,floor73,85998789355,92163616604,73,-37303,74,137439487532,cyclic Z/137439487532,37,830932437,1 up,2664 down,73,74,37,9326,333,0.02246,37,2^36,2,1000,1000,13965.9,7224.9,8.8544,585.3
19,floor73,64236948346,94626193074,73,-37303,74,137439487532,cyclic Z/137439487532,37,830932437,1 up,2664 down,73,74,37,9326,333,0.02246,37,2^36,2,1000,1000,14011.7,7151.4,9.9072,588.8
20,floor73,120524632680,42511357858,73,-37303,74,137439487532,cyclic Z/137439487532,37,920450093,1 up,2664 down,73,74,37,9326,333,0.02246,37,2^36,2,1000,1000,14449.3,7530.0,10.009,586.5
21,floor73,7646690767,83077640990,73,-37303,74,137439487532,cyclic Z/137439487532,37,830932437,1 up,2664 down,73,74,37,9326,333,0.02246,37,2^36,2,1000,1000,14464.7,7448.6,10.5617,591.7
22,floor73,134761358404,62221379222,73,-37303,74,137439487532,cyclic Z/137439487532,37,920450093,1 up,2664 down,73,74,37,9326,333,0.02246,37,2^36,2,1000,1000,14441.5,7443.8,9.8321,588.8
23,floor73,52548066346,113369617499,73,-37303,74,137439487532,cyclic Z/137439487532,37,830932437,1 up,2664 down,73,74,37,9326,333,0.02246,37,2^36,2,1000,1000,14199.2,6896.2,9.4451,584.1
24,floor73,35122122462,26079504055,73,-37303,74,137439487532,cyclic Z/137439487532,37,920450093,1 up,2664 down,73,74,37,9326,333,0.02246,37,2^36,2,1000,1000,14132.5,7346.8,10.7989,602.2
25,floor73,73541879329,104727961388,73,-37303,74,137439487532,cyclic Z/137439487532,37,920450093,1 up,2664 down,73,74,37,9326,333,0.02246,37,2^36,2,1000,1000,14424.7,7309.1,9.1545,596.7
26,floor73,36066067206,78871985028,73,-37303,74,137439487532,cyclic Z/137439487532,37,830932437,1 up,2664 down,73,74,37,9326,333,0.02246,37,2^36,2,1000,1000,13911.3,7320.7,9.5277,584.0
27,floor73,13104885995,46728273711,73,-37303,74,137439487532,cyclic Z/137439487532,37,830932437,1 up,2664 down,73,74,37,9326,333,0.02246,37,2^36,2,1000,1000,14492.4,7434.0,9.1844,585.3
28,floor73,45450769556,51239648143,73,-37303,74,137439487532,cyclic Z/137439487532,37,830932437,1 up,2664 down,73,74,37,9326,333,0.02246,37,2^36,2,1000,1000,14524.8,7039.4,9.4913,576.5
29,floor73,49673694538,93124685327,73,-37303,74,137439487532,cyclic Z/137439487532,37,920450093,1 up,2664 down,73,74,37,9326,333,0.02246,37,2^36,2,1000,1000,14114.6,7397.3,8.6693,584.9
30,floor73,119179643144,17330146738,73,-37303,74,137439487532,cyclic Z/137439487532,37,830932437,1 up,2664 down,73,74,37,9326,333,0.02246,37,2^36,2,1000,1000,14297.1,7296.0,8.8749,591.0
31,floor73,126778094648,37296560008,73,-37303,74,137439487532,cyclic Z/137439487532,37,920450093,1 up,2664 down,73,74,37,9326,333,0.02246,37,2^36,2,1000,1000,14173.5,7514.3,9.3848,585.1
32,floor73,115199466788,62947867396,73,-37303,74,137439487532,cyclic Z/137439487532,37,920450093,1 up,2664 down,73,74,37,9326,333,0.02246,37,2^36,2,1000,1000,14209.9,7068.6,8.8376,578.7
33,floor73,123501556308,86852018225,73,-37303,74,137439487532,cyclic Z/137439487532,37,920450093,1 up,2664 down,73,74,37,9326,333,0.02246,37,2^36,2,1000,1000,13936.5,7156.7,9.027,579.4
34,floor73,52582208416,79717379617,73,-37303,74,137439487532,cyclic Z/137439487532,37,920450093,1 up,2664 down,73,74,37,9326,333,0.02246,37,2^36,2,1000,1000,14190.6,7451.5,11.3762,585.9
35,floor73,36479412238,64944911088,73,-37303,74,137439487532,cyclic Z/137439487532,37,920450093,1 up,2664 down,73,74,37,9326,333,0.02246,37,2^36,2,1000,1000,13991.0,7348.2,9.6021,580.7
36,floor73,86424637037,29115637201,73,-37303,74,137439487532,cyclic Z/137439487532,37,920450093,1 up,2664 down,73,74,37,9326,333,0.02246,37,2^36,2,1000,1000,14048.1,7159.4,9.1005,578.7
37,floor73,86641416897,15306174174,73,-37303,74,137439487532,cyclic Z/137439487532,37,830932437,1 up,2664 down,73,74,37,9326,333,0.02246,37,2^36,2,1000,1000,14019.5,7047.3,9.3874,592.9
38,floor73,91551000337,133695096223,73,-37303,74,137439487532,cyclic Z/137439487532,37,830932437,1 up,2664 down,73,74,37,9326,333,0.02246,37,2^36,2,1000,1000,14025.1,7390.9,8.6045,587.5
39,floor73,132148401512,92382512866,73,-37303,74,137439487532,cyclic Z/137439487532,37,830932437,1 up,2664 down,73,74,37,9326,333,0.02246,37,2^36,2,1000,1000,14732.9,7233.2,9.6015,586.2
40,floor73,2291432399,118393806128,73,-37303,74,137439487532,cyclic Z/137439487532,37,920450093,1 up,2664 down,73,74,37,9326,333,0.02246,37,2^36,2,1000,1000,14259.5,7463.5,8.8669,594.6
41,floor73,68795923943,48593332820,73,-37303,74,137439487532,cyclic Z/137439487532,37,920450093,1 up,2664 down,73,74,37,9326,333,0.02246,37,2^36,2,1000,1000,13806.2,7511.6,8.6216,587.0
42,floor73,6337833349,31168178864,73,-37303,74,137439487532,cyclic Z/137439487532,37,830932437,1 up,2664 down,73,74,37,9326,333,0.02246,37,2^36,2,1000,1000,14230.5,7284.5,8.9512,583.7
43,floor73,65593211628,78189027963,73,-37303,74,137439487532,cyclic Z/137439487532,37,920450093,1 up,2664 down,73,74,37,9326,333,0.02246,37,2^36,2,1000,1000,14105.0,7296.5,9.3469,587.5
44,floor73,129320461448,67621279234,73,-37303,74,137439487532,cyclic Z/137439487532,37,920450093,1 up,2664 down,73,74,37,9326,333,0.02246,37,2^36,2,1000,1000,14121.6,7382.5,8.6493,598.7
45,floor73,2033222393,90455179316,73,-37303,74,137439487532,cyclic Z/137439487532,37,830932437,1 up,2664 down,73,74,37,9326,333,0.02246,37,2^36,2,1000,1000,14799.6,7320.1,9.2883,583.8
46,floor73,136661862590,8077182114,73,-37303,74,137439487532,cyclic Z/137439487532,37,830932437,1 up,2664 down,73,74,37,9326,333,0.02246,37,2^36,2,1000,1000,13971.4,7043.3,8.655,589.9
47,floor73,58459803812,101050459136,73,-37303,74,137439487532,cyclic Z/137439487532,37,830932437,1 up,2664 down,73,74,37,9326,333,0.02246,37,2^36,2,1000,1000,14158.3,7269.8,8.7663,589.2
48,floor73,132051115722,118883603899,73,-37303,74,137439487532,cyclic Z/137439487532,37,830932437,1 up,2664 down,73,74,37,9326,333,0.02246,37,2^36,2,1000,1000,13807.2,6877.6,9.9047,590.4
49,floor73,51568286766,132303211776,73,-37303,74,137439487532,cyclic Z/137439487532,37,920450093,1 up,2664 down,73,74,37,9326,333,0.02246,37,2^36,2,1000,1000,14533.5,7541.4,9.2296,586.0
50,floor73,107142759326,43272789385,73,-37303,74,137439487532,cyclic Z/137439487532,37,830932437,1 up,2664 down,73,74,37,9326,333,0.02246,37,2^36,2,1000,1000,14444.5,7552.9,9.6072,581.3
51,floor73,16855459351,108094772624,73,-37303,74,137439487532,cyclic Z/137439487532,37,920450093,1 up,2664 down,73,74,37,9326,333,0.02246,37,2^36,2,1000,1000,14325.2,6966.8,8.7572,581.5
52,floor73,72215232679,60756829522,73,-37303,74,137439487532,cyclic Z/137439487532,37,920450093,1 up,2664 down,73,74,37,9326,333,0.02246,37,2^36,2,1000,1000,14173.7,7111.3,10.5661,590.6
53,floor73,74685592901,117129606916,73,-37303,74,137439487532,cyclic Z/137439487532,37,920450093,1 up,2664 down,73,74,37,9326,333,0.02246,37,2^36,2,1000,1000,14665.7,7555.0,9.0565,580.5
54,floor73,89195925493,14725922111,73,-37303,74,137439487532,cyclic Z/137439487532,37,920450093,1 up,2664 down,73,74,37,9326,333,0.02246,37,2^36,2,1000,1000,14100.9,7204.4,11.0985,589.6
55,floor73,106307748400,12783519083,73,-37303,74,137439487532,cyclic Z/137439487532,37,920450093,1 up,2664 down,73,74,37,9326,333,0.02246,37,2^36,2,1000,1000,14360.6,7558.3,9.1684,587.3
56,floor73,91526398311,45164630111,73,-37303,74,137439487532,cyclic Z/137439487532,37,830932437,1 up,2664 down,73,74,37,9326,333,0.02246,37,2^36,2,1000,1000,13950.6,6923.6,11.1044,585.4
57,floor73,62364146272,100890008153,73,-37303,74,137439487532,cyclic Z/137439487532,37,920450093,1 up,2664 down,73,74,37,9326,333,0.02246,37,2^36,2,1000,1000,14029.2,7220.0,11.591,579.7
58,floor73,79030952567,119451106050,73,-37303,74,137439487532,cyclic Z/137439487532,37,920450093,1 up,2664 down,73,74,37,9326,333,0.02246,37,2^36,2,1000,1000,14147.7,7404.8,10.2031,590.4
59,floor73,117558446756,111601377197,73,-37303,74,137439487532,cyclic Z/137439487532,37,830932437,1 up,2664 down,73,74,37,9326,333,0.02246,37,2^36,2,1000,1000,14361.3,7391.3,8.8737,575.2
60,floor73,38421369196,45975018526,73,-37303,74,137439487532,cyclic Z/137439487532,37,920450093,1 up,2664 down,73,74,37,9326,333,0.02246,37,2^36,2,1000,1000,14408.9,7291.0,8.8926,578.9
61,floor73,133185054252,127303531897,73,-37303,74,137439487532,cyclic Z/137439487532,37,830932437,1 up,2664 down,73,74,37,9326,333,0.02246,37,2^36,2,1000,1000,14305.1,7476.0,9.0401,585.4
62,floor73,68129559544,89576235917,73,-37303,74,137439487532,cyclic Z/137439487532,37,920450093,1 up,2664 down,73,74,37,9326,333,0.02246,37,2^36,2,1000,1000,14285.4,7265.3,11.8755,578.3
63,floor73,79702284665,78120452206,73,-37303,74,137439487532,cyclic Z/137439487532,37,830932437,1 up,2664 down,73,74,37,9326,333,0.02246,37,2^36,2,1000,1000,14154.8,7272.0,9.0033,595.9
64,floor73,76709867793,106927054207,73,-37303,74,137439487532,cyclic Z/137439487532,37,830932437,1 up,2664 down,73,74,37,9326,333,0.02246,37,2^36,2,1000,1000,14403.9,7239.0,8.902,587.7
65,floor73,51880910748,115427055262,73,-37303,74,137439487532,cyclic Z/137439487532,37,920450093,1 up,2664 down,73,74,37,9326,333,0.02246,37,2^36,2,1000,1000,13970.3,7156.6,9.2488,585.8
66,floor73,86723821863,125938515676,73,-37303,74,137439487532,cyclic Z/137439487532,37,920450093,1 up,2664 down,73,74,37,9326,333,0.02246,37,2^36,2,1000,1000,13834.2,7179.1,8.5969,587.2
67,floor73,15095388103,79529904228,73,-37303,74,137439487532,cyclic Z/137439487532,37,830932437,1 up,2664 down,73,74,37,9326,333,0.02246,37,2^36,2,1000,1000,14326.4,7332.5,9.2039,596.2
68,floor73,52038226468,36069162674,73,-37303,74,137439487532,cyclic Z/137439487532,37,920450093,1 up,2664 down,73,74,37,9326,333,0.02246,37,2^36,2,1000,1000,14298.6,7073.6,9.0658,591.3
69,floor73,42515720874,98073051349,73,-37303,74,137439487532,cyclic Z/137439487532,37,920450093,1 up,2664 down,73,74,37,9326,333,0.02246,37,2^36,2,1000,1000,13779.7,7123.8,8.6217,594.8
70,floor73,55930909418,6369540088,73,-37303,74,137439487532,cyclic Z/137439487532,37,830932437,1 up,2664 down,73,74,37,9326,333,0.02246,37,2^36,2,1000,1000,13944.2,7083.8,8.6164,584.4
71,floor73,920450093,102653733843,73,-37303,74,137439487532,cyclic Z/137439487532,37,920450093,1 up,2664 down,73,74,37,9326,333,0.02246,37,2^36,2,1000,1000,14180.9,7384.2,8.7569,587.6
72,floor73,5280988323,33331961900,73,-37303,74,137439487532,cyclic Z/137439487532,37,830932437,1 up,2664 down,73,74,37,9326,333,0.02246,37,2^36,2,1000,1000,14309.6,7436.7,10.0611,600.3
73,floor73,4685184409,120214537889,73,-37303,74,137439487532,cyclic Z/137439487532,37,830932437,1 up,2664 down,73,74,37,9326,333,0.02246,37,2^36,2,1000,1000,14590.1,7377.9,10.9541,587.3
74,floor73,29888460417,123166671532,73,-37303,74,137439487532,cyclic Z/137439487532,37,920450093,1 up,2664 down,73,74,37,9326,333,0.02246,37,2^36,2,1000,1000,14660.4,7530.5,10.5402,588.2
101,floor2663,23390103,67781268847,2663,-49640983,2664,137439487532,cyclic Z/137439487532,37,23390103,74 down,1 up,2663,2664,37,12410246,20239,0.00306,37,2^36,2,1000,1000,14150.6,7250.3,10.9847,577.9
102,floor2663,498625337,90190464988,2663,-49640983,2664,137439487532,cyclic Z/137439487532,37,23390103,74 down,1 up,2663,2664,37,12410246,20239,0.00306,37,2^36,2,1000,1000,14171.8,7218.8,9.249,585.2
103,floor2663,1897220145,135939811682,2663,-49640983,2664,137439487532,cyclic Z/137439487532,37,1897220145,74 down,1 up,2663,2664,37,12410246,20239,0.00306,37,2^36,2,1000,1000,13897.2,7212.6,8.7069,590.7
104,floor2663,18471799621,32021813326,2663,-49640983,2664,137439487532,cyclic Z/137439487532,37,3282929497,74 down,1 up,2663,2664,37,12410246,20239,0.00306,37,2^36,2,1000,1000,13802.1,7211.8,10.1685,590.1
105,floor2663,19651728317,35769442407,2663,-49640983,2664,137439487532,cyclic Z/137439487532,37,12420152235,74 down,1 up,2663,2664,37,12410246,20239,0.00306,37,2^36,2,1000,1000,14244.7,7306.4,8.9382,579.0
106,floor2663,22193114127,69539141708,2663,-49640983,2664,137439487532,cyclic Z/137439487532,37,1540404849,74 down,1 up,2663,2664,37,12410246,20239,0.00306,37,2^36,2,1000,1000,14585.5,7455.2,10.2742,571.5
107,floor2663,35842197992,121388459173,2663,-49640983,2664,137439487532,cyclic Z/137439487532,37,3980295569,74 down,1 up,2663,2664,37,12410246,20239,0.00306,37,2^36,2,1000,1000,14489.9,7386.8,9.4105,581.5
108,floor2663,38468105590,68635282506,2663,-49640983,2664,137439487532,cyclic Z/137439487532,37,4033855503,74 down,1 up,2663,2664,37,12410246,20239,0.00306,37,2^36,2,1000,1000,14068.5,7340.3,8.5479,599.3
109,floor2663,49845170216,135033160087,2663,-49640983,2664,137439487532,cyclic Z/137439487532,37,3282929497,74 down,1 up,2663,2664,37,12410246,20239,0.00306,37,2^36,2,1000,1000,14105.7,7354.3,8.9135,575.9
110,floor2663,51821487702,49028198647,2663,-49640983,2664,137439487532,cyclic Z/137439487532,37,16855428065,74 down,1 up,2663,2664,37,12410246,20239,0.00306,37,2^36,2,1000,1000,14174.8,7416.9,8.782,589.6
111,floor2663,52169237338,3595260898,2663,-49640983,2664,137439487532,cyclic Z/137439487532,37,12420152235,74 down,1 up,2663,2664,37,12410246,20239,0.00306,37,2^36,2,1000,1000,14538.9,7573.7,9.291,585.7
112,floor2663,53390827748,82507312756,2663,-49640983,2664,137439487532,cyclic Z/137439487532,37,23390103,74 down,1 up,2663,2664,37,12410246,20239,0.00306,37,2^36,2,1000,1000,14688.4,7513.0,9.0598,586.2
113,floor2663,67035524202,33531509943,2663,-49640983,2664,137439487532,cyclic Z/137439487532,37,5112593377,74 down,1 up,2663,2664,37,12410246,20239,0.00306,37,2^36,2,1000,1000,13959.4,6815.7,9.9058,586.3
114,floor2663,78875691823,117131385604,2663,-49640983,2664,137439487532,cyclic Z/137439487532,37,2112866779,74 down,1 up,2663,2664,37,12410246,20239,0.00306,37,2^36,2,1000,1000,13718.7,7084.6,8.345,606.7
115,floor2663,79570806153,2621267436,2663,-49640983,2664,137439487532,cyclic Z/137439487532,37,352231349,74 down,1 up,2663,2664,37,12410246,20239,0.00306,37,2^36,2,1000,1000,14204.0,7401.0,9.1229,582.2
116,floor2663,91814231863,23476870515,2663,-49640983,2664,137439487532,cyclic Z/137439487532,37,1220587851,74 down,1 up,2663,2664,37,12410246,20239,0.00306,37,2^36,2,1000,1000,13873.6,7121.0,8.6328,581.3
117,floor2663,97417140669,72949473327,2663,-49640983,2664,137439487532,cyclic Z/137439487532,37,966475927,74 down,1 up,2663,2664,37,12410246,20239,0.00306,37,2^36,2,1000,1000,13863.3,7024.7,8.639,591.0
118,floor2663,119610405938,59164737795,2663,-49640983,2664,137439487532,cyclic Z/137439487532,37,9404912065,74 down,1 up,2663,2664,37,12410246,20239,0.00306,37,2^36,2,1000,1000,14258.6,7172.3,8.7771,583.8
119,floor2663,127294738324,102681382747,2663,-49640983,2664,137439487532,cyclic Z/137439487532,37,20248387577,74 down,1 up,2663,2664,37,12410246,20239,0.00306,37,2^36,2,1000,1000,14470.9,7179.4,10.7421,577.6
120,floor2663,127915108566,55909167183,2663,-49640983,2664,137439487532,cyclic Z/137439487532,37,4232370295,74 down,1 up,2663,2664,37,12410246,20239,0.00306,37,2^36,2,1000,1000,14205.5,7207.8,8.801,586.3
121,floor2663,129697891532,6494720731,2663,-49640983,2664,137439487532,cyclic Z/137439487532,37,1220587851,74 down,1 up,2663,2664,37,12410246,20239,0.00306,37,2^36,2,1000,1000,14212.0,7518.6,10.4906,590.1
122,floor2663,133012770436,113046541831,2663,-49640983,2664,137439487532,cyclic Z/137439487532,37,1800334433,74 down,1 up,2663,2664,37,12410246,20239,0.00306,37,2^36,2,1000,1000,14099.2,7406.7,8.6954,582.4
201,bottom,193198557,101680777362,194399,-264536798407,197136,137439487532,cyclic Z/137439487532,37,193198557,1 up,1 up,194399,2664,37,66134199602,3116259,0.00034,37,2^36,2,1000,1000,14365.5,7423.7,9.0848,591.2
202,bottom,371293317,89734994504,194399,-264536798407,197136,137439487532,cyclic Z/137439487532,37,371293317,1 up,1 up,194399,2664,37,66134199602,3116259,0.00034,37,2^36,2,1000,1000,14052.5,7064.9,10.7861,572.8
203,bottom,400230487,86137517965,194399,-264536798407,197136,137439487532,cyclic Z/137439487532,37,400230487,1 up,1 up,194399,2664,37,66134199602,3116259,0.00034,37,2^36,2,1000,1000,14156.9,7274.1,8.6794,588.1
204,bottom,448656245,105226893863,194399,-264536798407,197136,137439487532,cyclic Z/137439487532,37,448656245,1 up,1 up,194399,2664,37,66134199602,3116259,0.00034,37,2^36,2,1000,1000,13654.9,7186.6,8.5027,587.5
205,bottom,519443413,25439328046,194399,-264536798407,197136,137439487532,cyclic Z/137439487532,37,328919281,1 up,1 up,194399,2664,37,66134199602,3116259,0.00034,37,2^36,2,1000,1000,14313.2,7270.2,8.9875,578.0
206,bottom,828157629,56666132509,194399,-264536798407,197136,137439487532,cyclic Z/137439487532,37,828157629,1 up,1 up,194399,2664,37,66134199602,3116259,0.00034,37,2^36,2,1000,1000,14008.0,7414.4,9.6286,596.1
207,bottom,835396459,28144940865,194399,-264536798407,197136,137439487532,cyclic Z/137439487532,37,835396459,1 up,1 up,194399,2664,37,66134199602,3116259,0.00034,37,2^36,2,1000,1000,14423.8,7713.1,9.8966,592.1
208,bottom,877047357,125692548562,194399,-264536798407,197136,137439487532,cyclic Z/137439487532,37,877047357,1 up,1 up,194399,2664,37,66134199602,3116259,0.00034,37,2^36,2,1000,1000,13855.0,7162.1,8.6312,592.9
209,bottom,1010151217,110278828261,194399,-264536798407,197136,137439487532,cyclic Z/137439487532,37,1010151217,1 up,1 up,194399,2664,37,66134199602,3116259,0.00034,37,2^36,2,1000,1000,14024.8,7090.0,10.0084,579.1
210,bottom,1023564871,16837757368,194399,-264536798407,197136,137439487532,cyclic Z/137439487532,37,1023564871,1 up,1 up,194399,2664,37,66134199602,3116259,0.00034,37,2^36,2,1000,1000,14107.9,7527.0,8.7058,578.6
211,bottom,1036517305,132803270505,194399,-264536798407,197136,137439487532,cyclic Z/137439487532,37,1036517305,1 up,1 up,194399,2664,37,66134199602,3116259,0.00034,37,2^36,2,1000,1000,14314.8,7420.8,8.8097,577.6
212,bottom,1061731383,87879217179,194399,-264536798407,197136,137439487532,cyclic Z/137439487532,37,282352283,1 up,1 up,194399,2664,37,66134199602,3116259,0.00034,37,2^36,2,1000,1000,14620.9,7481.9,9.3672,573.5
213,bottom,1094848311,27324641924,194399,-264536798407,197136,137439487532,cyclic Z/137439487532,37,1094848311,1 up,1 up,194399,2664,37,66134199602,3116259,0.00034,37,2^36,2,1000,1000,13749.6,7211.7,11.798,580.8
214,bottom,1126476773,73264337248,194399,-264536798407,197136,137439487532,cyclic Z/137439487532,37,620340427,1 up,1 up,194399,2664,37,66134199602,3116259,0.00034,37,2^36,2,1000,1000,14127.2,7459.9,8.857,585.1
215,bottom,1301928567,67264639938,194399,-264536798407,197136,137439487532,cyclic Z/137439487532,37,1301928567,1 up,1 up,194399,2664,37,66134199602,3116259,0.00034,37,2^36,2,1000,1000,14279.1,7279.1,9.6235,584.8
216,bottom,1331825093,7176622264,194399,-264536798407,197136,137439487532,cyclic Z/137439487532,37,1331825093,1 up,1 up,194399,2664,37,66134199602,3116259,0.00034,37,2^36,2,1000,1000,14067.3,7266.3,8.9693,580.5
217,bottom,1522352837,27539970514,194399,-264536798407,197136,137439487532,cyclic Z/137439487532,37,1522352837,1 up,1 up,194399,2664,37,66134199602,3116259,0.00034,37,2^36,2,1000,1000,14362.2,7409.3,10.2002,585.3
218,bottom,1573142933,61137314284,194399,-264536798407,197136,137439487532,cyclic Z/137439487532,37,1573142933,1 up,1 up,194399,2664,37,66134199602,3116259,0.00034,37,2^36,2,1000,1000,14104.0,7420.4,8.7974,581.6
219,bottom,1651812051,39623758733,194399,-264536798407,197136,137439487532,cyclic Z/137439487532,37,1651812051,1 up,1 up,194399,2664,37,66134199602,3116259,0.00034,37,2^36,2,1000,1000,14110.9,7083.0,8.865,590.8
220,bottom,1671261349,121076316423,194399,-264536798407,197136,137439487532,cyclic Z/137439487532,37,1671261349,1 up,1 up,194399,2664,37,66134199602,3116259,0.00034,37,2^36,2,1000,1000,14368.0,7362.1,10.1219,581.4
221,bottom,1776752087,58919306954,194399,-264536798407,197136,137439487532,cyclic Z/137439487532,37,1776752087,1 up,1 up,194399,2664,37,66134199602,3116259,0.00034,37,2^36,2,1000,1000,14334.4,7298.6,8.8186,586.5
222,bottom,1821759323,131618600036,194399,-264536798407,197136,137439487532,cyclic Z/137439487532,37,1394022389,1 up,1 up,194399,2664,37,66134199602,3116259,0.00034,37,2^36,2,1000,1000,14051.0,7188.4,8.8089,597.7
223,bottom,1846144829,437513737,194399,-264536798407,197136,137439487532,cyclic Z/137439487532,37,75015683,1 up,1 up,194399,2664,37,66134199602,3116259,0.00034,37,2^36,2,1000,1000,14436.2,7253.4,9.1656,598.5
224,bottom,1855431997,96568290572,194399,-264536798407,197136,137439487532,cyclic Z/137439487532,37,1547386417,1 up,1 up,194399,2664,37,66134199602,3116259,0.00034,37,2^36,2,1000,1000,13911.8,7337.7,8.7699,577.2
225,bottom,1860203181,128488949299,194399,-264536798407,197136,137439487532,cyclic Z/137439487532,37,1270674585,1 up,1 up,194399,2664,37,66134199602,3116259,0.00034,37,2^36,2,1000,1000,13955.2,7329.5,8.9312,581.9
226,bottom,1919558607,25970035823,194399,-264536798407,197136,137439487532,cyclic Z/137439487532,37,1919558607,1 up,1 up,194399,2664,37,66134199602,3116259,0.00034,37,2^36,2,1000,1000,14118.9,7214.8,10.6082,586.8
227,bottom,1994863763,96171998457,194399,-264536798407,197136,137439487532,cyclic Z/137439487532,37,259712083,1 up,1 up,194399,2664,37,66134199602,3116259,0.00034,37,2^36,2,1000,1000,14345.9,7384.3,8.9852,576.0
228,bottom,2009821705,26271907211,194399,-264536798407,197136,137439487532,cyclic Z/137439487532,37,2009821705,1 up,1 up,194399,2664,37,66134199602,3116259,0.00034,37,2^36,2,1000,1000,14776.0,7368.0,13.1442,588.8
229,bottom,2043976897,61736868616,194399,-264536798407,197136,137439487532,cyclic Z/137439487532,37,2043976897,1 up,1 up,194399,2664,37,66134199602,3116259,0.00034,37,2^36,2,1000,1000,14396.6,7099.4,9.0239,585.4
230,bottom,2055887763,130255759746,194399,-264536798407,197136,137439487532,cyclic Z/137439487532,37,629138017,1 up,1 up,194399,2664,37,66134199602,3116259,0.00034,37,2^36,2,1000,1000,14534.8,7662.9,9.4925,580.8
