id,mode,ns
202,0,572.6777
201,0,591.1932
217,0,591.9782
53,0,580.4527
5,0,603.6106
33,0,574.6364
65,0,596.2177
62,0,572.6910
51,0,577.5964
221,0,586.5369
204,0,596.9100
210,0,588.3803
38,0,608.1886
61,0,585.4349
45,0,615.0008
74,0,594.3965
27,0,580.4650
64,0,587.6734
17,0,593.9242
36,0,586.0712
213,0,603.8596
122,0,611.8094
12,0,590.6453
105,0,572.4405
206,0,617.0499
32,0,602.6578
68,0,598.8110
116,0,587.8892
103,0,590.6880
18,0,600.1198
39,0,591.0515
209,0,570.4499
119,0,568.7877
9,0,585.0755
113,0,586.3138
42,0,583.6501
60,0,570.8669
71,0,590.8818
220,0,588.2505
229,0,597.9250
55,0,598.6657
40,0,605.5053
104,0,586.0101
107,0,588.2014
26,0,609.5556
70,0,584.3938
218,0,581.5955
56,0,585.3939
66,0,587.2470
226,0,595.8127
7,0,604.9438
108,0,607.5719
1,0,587.8834
11,0,619.2265
223,0,572.0757
0,0,595.6240
63,0,597.7705
118,0,578.1022
31,0,597.1890
41,0,619.2092
8,0,590.5515
24,0,608.0224
28,0,572.9986
30,0,608.1807
0,1,1303.3238
73,0,587.2848
34,0,583.2469
225,0,579.0814
227,0,575.9035
59,0,571.0791
20,0,586.4964
106,0,575.6187
207,0,574.7891
69,0,571.2314
6,0,588.8381
19,0,613.7229
35,0,592.5119
222,0,594.5863
114,0,612.3670
203,0,588.0873
224,0,601.3126
21,0,593.5279
110,0,577.2919
13,0,600.6308
219,0,591.9634
47,0,595.7465
37,0,592.9108
50,0,578.2386
117,0,591.0756
58,0,586.4051
208,0,596.7618
57,0,585.5916
15,0,580.7148
112,0,598.2709
216,0,575.1193
115,0,601.5940
111,0,595.9855
101,0,567.8429
52,0,594.9909
46,0,603.1279
67,0,729.3983
102,0,585.2000
2,0,578.9650
25,0,607.0560
230,0,579.7048
4,0,598.9810
22,0,581.4908
214,0,585.0736
205,0,594.5790
211,0,583.2808
121,0,589.4654
16,0,578.9995
215,0,593.7269
109,0,571.6178
49,0,572.8887
3,0,609.4959
44,0,604.3414
10,0,592.7397
120,0,599.7995
228,0,618.0477
23,0,598.5751
54,0,587.7786
14,0,606.0940
29,0,615.5625
72,0,627.5855
212,0,630.0341
43,0,587.5499
48,0,591.5584
34,0,600.5774
72,0,597.4739
212,0,582.5691
206,0,598.9843
201,0,597.6064
8,0,587.8717
32,0,574.5082
15,0,605.8495
63,0,590.5466
227,0,599.0684
57,0,576.7169
60,0,600.4120
109,0,598.8922
48,0,600.1211
204,0,586.9051
26,0,583.9916
12,0,599.2477
62,0,578.3081
3,0,592.8220
210,0,572.2644
49,0,585.9750
55,0,599.8359
103,0,620.0654
222,0,680.2531
202,0,569.0066
0,0,597.1410
115,0,582.1723
221,0,585.8497
0,1,1269.6226
118,0,583.7932
29,0,584.8576
101,0,575.8661
13,0,571.0900
40,0,598.3645
213,0,590.3835
2,0,629.8439
119,0,613.8096
219,0,628.8612
69,0,603.0039
1,0,580.3629
218,0,587.1053
27,0,587.5885
54,0,589.3773
117,0,587.0392
67,0,583.9781
28,0,594.8849
56,0,598.8697
223,0,668.9683
70,0,628.8963
208,0,609.6800
44,0,598.6599
104,0,601.6520
108,0,584.7285
58,0,570.8661
37,0,594.7858
207,0,596.8242
53,0,599.3378
215,0,584.8009
23,0,584.1982
73,0,581.0188
224,0,572.6797
42,0,591.4693
64,0,574.8310
111,0,589.2164
24,0,620.5013
19,0,582.7611
18,0,583.9013
68,0,591.3068
107,0,592.5275
31,0,587.6127
65,0,578.3588
225,0,581.9094
25,0,596.7276
220,0,581.4496
230,0,577.0759
30,0,579.9323
116,0,581.2964
47,0,595.6662
229,0,579.1381
216,0,586.9569
66,0,586.0759
11,0,579.8625
205,0,578.0097
35,0,578.5312
43,0,591.2649
45,0,593.9709
5,0,600.0743
122,0,582.3964
59,0,575.2031
6,0,570.1636
10,0,569.3912
33,0,574.1641
211,0,572.7908
50,0,572.4390
74,0,588.1767
114,0,573.2883
52,0,573.1276
39,0,592.4136
9,0,580.7414
22,0,575.7020
112,0,586.2304
214,0,582.2858
61,0,575.0138
209,0,574.8576
105,0,573.1463
20,0,598.2483
41,0,586.9772
21,0,629.4460
16,0,642.8636
7,0,591.0664
228,0,588.7524
38,0,580.0138
106,0,578.5436
113,0,583.9110
226,0,589.3940
120,0,583.0039
102,0,598.3525
203,0,585.7946
51,0,600.1977
4,0,589.2435
17,0,583.6158
110,0,589.6117
217,0,585.2981
121,0,585.6298
36,0,577.1279
71,0,577.0830
46,0,587.3684
14,0,603.5947
14,0,601.9713
11,0,587.4571
10,0,589.2834
46,0,602.3283
210,0,608.1993
21,0,588.9237
120,0,596.8613
207,0,593.1117
111,0,582.4423
213,0,580.7884
39,0,586.1758
32,0,578.7355
103,0,587.3853
27,0,600.9923
219,0,590.7551
4,0,599.3914
74,0,593.6094
113,0,588.0525
20,0,580.0879
55,0,587.3267
107,0,580.6239
50,0,583.3439
206,0,596.1415
118,0,597.5013
65,0,577.3621
47,0,589.2353
69,0,594.7686
56,0,595.2428
64,0,585.2059
34,0,581.9454
216,0,608.2566
3,0,589.7473
228,0,592.9133
59,0,587.4948
40,0,594.6190
48,0,576.9783
54,0,600.6279
67,0,587.8808
226,0,571.5664
71,0,587.5591
22,0,598.6548
30,0,609.4355
29,0,587.2100
122,0,600.2104
214,0,581.1719
41,0,595.5291
109,0,575.9043
17,0,596.1558
224,0,592.4667
105,0,586.1055
121,0,600.2283
104,0,588.3832
114,0,593.1517
23,0,572.0058
57,0,579.7471
53,0,577.4584
116,0,570.0280
217,0,568.0233
45,0,569.4413
70,0,574.2315
73,0,577.4628
222,0,575.3706
51,0,581.5326
225,0,586.2368
31,0,585.0565
63,0,572.2864
106,0,571.4683
203,0,584.0914
62,0,587.0718
220,0,576.5814
58,0,590.4207
72,0,577.7522
227,0,571.5466
211,0,584.0927
42,0,573.3009
223,0,598.5468
52,0,590.5631
117,0,566.6493
36,0,586.9827
68,0,584.6059
35,0,580.6990
208,0,592.9239
102,0,591.3571
60,0,581.4673
204,0,584.1052
0,1,1279.3257
66,0,581.5337
229,0,570.1379
221,0,569.5319
61,0,585.7788
112,0,580.2208
19,0,588.9978
49,0,616.0159
101,0,578.1633
33,0,603.4370
202,0,584.4013
26,0,572.5452
9,0,582.8814
215,0,596.1517
6,0,580.1192
15,0,593.6935
16,0,585.8224
230,0,595.8053
115,0,574.3541
209,0,579.1132
2,0,576.3783
119,0,577.5566
0,0,579.8782
28,0,573.4947
110,0,596.0208
1,0,596.5296
38,0,576.2827
8,0,576.5981
37,0,575.5256
18,0,603.2190
24,0,602.1811
44,0,636.4191
218,0,575.9559
212,0,572.9927
201,0,572.5668
13,0,581.7391
205,0,570.0224
25,0,587.9461
108,0,600.7638
7,0,595.2556
43,0,622.7716
12,0,605.0569
5,0,590.1874
60,0,578.9003
101,0,577.8996
69,0,587.7006
16,0,578.7869
47,0,577.8391
221,0,608.5594
103,0,601.4980
0,1,1276.7099
106,0,566.5013
74,0,579.3407
8,0,577.2713
225,0,594.5815
1,0,592.6222
211,0,573.7783
224,0,576.6862
33,0,587.8602
70,0,586.3584
29,0,579.7189
24,0,596.4666
117,0,592.1676
217,0,589.4716
229,0,591.0722
215,0,579.6094
218,0,591.3461
50,0,588.5627
107,0,581.4530
19,0,588.8139
214,0,588.1617
206,0,579.9751
205,0,632.5656
66,0,606.2665
49,0,612.2040
120,0,586.3130
219,0,567.1045
111,0,568.7421
226,0,582.9403
20,0,594.4875
230,0,589.9302
5,0,584.6500
38,0,602.2139
3,0,584.3694
34,0,585.9047
208,0,580.2105
102,0,582.8617
122,0,577.1232
54,0,589.6107
207,0,591.9972
73,0,589.3280
56,0,585.1503
17,0,598.9484
46,0,589.8705
12,0,590.7572
4,0,616.8047
104,0,590.0788
63,0,602.3945
27,0,584.8865
216,0,580.5134
55,0,584.8009
114,0,606.7000
53,0,586.6700
64,0,598.6264
109,0,598.7809
44,0,591.4500
52,0,583.8687
204,0,594.5760
57,0,589.9996
21,0,576.5267
43,0,573.7796
58,0,598.1551
121,0,590.1112
108,0,599.2717
222,0,648.2379
210,0,578.5561
42,0,579.9540
65,0,589.2550
10,0,580.4847
68,0,573.2913
212,0,569.9426
112,0,571.2148
36,0,578.6825
48,0,590.4100
6,0,593.6073
45,0,578.4336
41,0,580.6438
13,0,583.8191
40,0,593.1816
227,0,585.0799
105,0,578.9731
18,0,585.3059
7,0,570.1903
116,0,570.2952
30,0,590.9949
51,0,580.6345
115,0,575.4147
22,0,610.1601
37,0,575.4452
26,0,571.8198
28,0,581.6750
32,0,576.0188
0,0,577.4585
9,0,576.9268
119,0,577.5736
213,0,578.7137
31,0,579.9568
113,0,568.1999
59,0,574.0948
202,0,572.7908
61,0,589.5072
71,0,587.6013
110,0,595.2786
67,0,624.8440
118,0,592.3065
209,0,590.9322
35,0,571.6098
223,0,621.1438
14,0,575.4345
203,0,608.9574
11,0,578.9168
72,0,625.9738
228,0,584.9628
39,0,576.1252
62,0,613.2465
23,0,581.8211
2,0,583.9037
25,0,573.8858
15,0,591.4789
201,0,591.7117
220,0,586.2768
60,0,578.8715
38,0,587.4587
13,0,594.9282
118,0,574.1949
50,0,581.2533
61,0,577.6692
19,0,569.3814
11,0,579.5682
8,0,605.2137
2,0,600.2870
51,0,585.2832
70,0,576.2463
37,0,613.6007
206,0,584.4046
201,0,588.6538
7,0,579.1693
28,0,576.4677
66,0,595.1106
68,0,620.0670
46,0,575.0222
35,0,586.2475
203,0,609.2830
22,0,588.7991
229,0,585.3745
33,0,579.3570
27,0,585.2981
3,0,599.1126
108,0,586.8960
207,0,592.0993
34,0,601.9334
24,0,580.6546
21,0,591.7446
39,0,572.1370
219,0,585.7237
106,0,570.2400
47,0,574.7012
224,0,577.2427
103,0,587.1883
43,0,572.8021
111,0,585.7312
49,0,581.2156
64,0,588.1949
31,0,577.3126
209,0,582.4495
114,0,609.5330
0,1,1285.0002
211,0,577.5915
117,0,591.0076
220,0,568.7401
230,0,580.7877
0,0,592.7544
120,0,584.1132
73,0,596.6878
121,0,607.5225
65,0,585.8048
217,0,583.1008
52,0,592.4691
54,0,593.0969
36,0,578.6604
55,0,569.4421
57,0,572.9022
20,0,576.6496
29,0,575.1341
74,0,577.4743
210,0,578.1050
71,0,574.8913
221,0,586.7072
222,0,597.7126
5,0,589.4662
204,0,587.4938
101,0,597.0844
40,0,591.2817
17,0,576.9439
63,0,595.9231
202,0,580.7154
41,0,575.2988
30,0,575.1838
44,0,589.8050
122,0,574.2790
9,0,584.7575
115,0,587.9116
12,0,570.8039
4,0,575.3293
26,0,586.8864
212,0,573.5235
56,0,576.9572
42,0,591.4404
215,0,580.1242
213,0,573.8863
119,0,591.8525
110,0,577.9153
218,0,570.0734
214,0,615.5880
228,0,580.2376
107,0,568.7942
6,0,570.4752
205,0,569.2849
102,0,567.8549
216,0,570.2625
223,0,576.4490
72,0,600.3293
18,0,580.5803
225,0,571.7789
67,0,596.2482
109,0,575.5189
10,0,575.3831
59,0,581.2165
48,0,589.7948
14,0,576.1923
116,0,592.5564
1,0,589.4791
104,0,611.9257
58,0,591.7429
25,0,608.8205
45,0,583.7783
16,0,594.7220
226,0,586.8098
113,0,596.3841
227,0,575.9785
53,0,577.5389
208,0,592.0199
15,0,586.1775
112,0,587.1982
23,0,584.0924
105,0,595.8531
62,0,575.6794
69,0,596.7281
32,0,583.1388
