id,level,b
0,crater,1
1,floor73,4770292313
2,floor73,111976657676
3,floor73,55500334666
4,floor73,2552102013
5,floor73,100820499297
6,floor73,58051638814
7,floor73,93537206683
8,floor73,124453994024
9,floor73,27070300937
10,floor73,69484383231
11,floor73,7282805287
12,floor73,830932437
13,floor73,121446576148
14,floor73,130090741254
15,floor73,36583096490
16,floor73,86620927377
17,floor73,67548982726
18,floor73,85998789355
19,floor73,64236948346
20,floor73,120524632680
21,floor73,7646690767
22,floor73,134761358404
23,floor73,52548066346
24,floor73,35122122462
25,floor73,73541879329
26,floor73,36066067206
27,floor73,13104885995
28,floor73,45450769556
29,floor73,49673694538
30,floor73,119179643144
31,floor73,126778094648
32,floor73,115199466788
33,floor73,123501556308
34,floor73,52582208416
35,floor73,36479412238
36,floor73,86424637037
37,floor73,86641416897
38,floor73,91551000337
39,floor73,132148401512
40,floor73,2291432399
41,floor73,68795923943
42,floor73,6337833349
43,floor73,65593211628
44,floor73,129320461448
45,floor73,2033222393
46,floor73,136661862590
47,floor73,58459803812
48,floor73,132051115722
49,floor73,51568286766
50,floor73,107142759326
51,floor73,16855459351
52,floor73,72215232679
53,floor73,74685592901
54,floor73,89195925493
55,floor73,106307748400
56,floor73,91526398311
57,floor73,62364146272
58,floor73,79030952567
59,floor73,117558446756
60,floor73,38421369196
61,floor73,133185054252
62,floor73,68129559544
63,floor73,79702284665
64,floor73,76709867793
65,floor73,51880910748
66,floor73,86723821863
67,floor73,15095388103
68,floor73,52038226468
69,floor73,42515720874
70,floor73,55930909418
71,floor73,920450093
72,floor73,5280988323
73,floor73,4685184409
74,floor73,29888460417
101,floor2663,23390103
102,floor2663,498625337
103,floor2663,1897220145
104,floor2663,18471799621
105,floor2663,19651728317
106,floor2663,22193114127
107,floor2663,35842197992
108,floor2663,38468105590
109,floor2663,49845170216
110,floor2663,51821487702
111,floor2663,52169237338
112,floor2663,53390827748
113,floor2663,67035524202
114,floor2663,78875691823
115,floor2663,79570806153
116,floor2663,91814231863
117,floor2663,97417140669
118,floor2663,119610405938
119,floor2663,127294738324
120,floor2663,127915108566
121,floor2663,129697891532
122,floor2663,133012770436
201,bottom,193198557
202,bottom,371293317
203,bottom,400230487
204,bottom,448656245
205,bottom,519443413
206,bottom,828157629
207,bottom,835396459
208,bottom,877047357
209,bottom,1010151217
210,bottom,1023564871
211,bottom,1036517305
212,bottom,1061731383
213,bottom,1094848311
214,bottom,1126476773
215,bottom,1301928567
216,bottom,1331825093
217,bottom,1522352837
218,bottom,1573142933
219,bottom,1651812051
220,bottom,1671261349
221,bottom,1776752087
222,bottom,1821759323
223,bottom,1846144829
224,bottom,1855431997
225,bottom,1860203181
226,bottom,1919558607
227,bottom,1994863763
228,bottom,2009821705
229,bottom,2043976897
230,bottom,2055887763
