round,key,position,sign_ns,loop2_iterations,signature_fnv64
0,3,0,41161861,0,e6f73312cc6c849e
0,7,1,42907164,0,7ad7bdf0e9d0479f
0,4,2,40863721,0,09139ea9ba17be2a
0,6,3,42883409,0,0c25436139854a82
0,0,4,53004421,0,864bb60b44ae0027
0,5,5,48365120,0,71cc8a8e735d683b
0,2,6,42014627,0,7e8a571f3614c04e
0,1,7,44352855,0,26041dc549544cce
1,5,0,45366585,0,00e4cebccbf2c09c
1,0,1,47227523,0,1b95082cb78bac77
1,6,2,56628439,0,1bb016fd6ecfed59
1,2,3,41435543,0,68102c5209d77fda
1,4,4,58182384,0,3f68a657a750f764
1,7,5,44484545,0,6a97f41b5751f5d4
1,3,6,48070686,0,2760fe8e0eaa3d71
1,1,7,46666717,0,2abcecf95f8e4254
2,6,0,45033903,0,cfc8dc9930acacb2
2,3,1,48627365,0,27dcd631b255fbe4
2,0,2,54731185,0,aa79ca9107ad457c
2,1,3,40947837,0,addcb16087f6def7
2,4,4,48663400,0,1474d4a1dc3495cd
2,5,5,46766607,0,018d9884c93e3c7e
2,2,6,38777432,0,071c8f53449ad996
2,7,7,39379131,0,f337711e93c65a33
3,7,0,52971811,0,83e9f0d544d48ff3
3,0,1,40472931,0,72d975da3a01797d
3,6,2,40015481,0,23d6c6fae3a4a57d
3,3,3,41011654,0,26dc949293da90a7
3,4,4,41755336,0,c2721775d012cd06
3,5,5,39175743,0,e69b4b9b523a8a3c
3,1,6,41838942,0,bc3c8bdb0370c8f9
3,2,7,55480636,0,90ea9fbe29c6cee4
4,6,0,42020546,0,8c5c5058e2eae432
4,3,1,43555923,0,c2d15185ae20585d
4,1,2,46898317,0,2a6de01de5c884a1
4,0,3,42028078,0,953f8020daa4b718
4,2,4,43293516,0,d471ab984a5622ea
4,4,5,42230634,0,f52f90fe30fcd6ce
4,5,6,42327169,0,8760058717dda8f0
4,7,7,48022303,0,410f8b819bffc6f3
5,6,0,40969740,0,9c3277f4f9a346a3
5,2,1,40532130,0,9ef71ba716a0a605
5,7,2,41772391,0,4830e122483c2bfe
5,4,3,44943957,0,1b6eade709b84cb6
5,3,4,45322758,0,669358d52dbe6e9b
5,5,5,41721455,0,430d955e2fadcca1
5,1,6,45470442,0,b3fa330b504a3b5a
5,0,7,39834868,0,d3058c57131b5e2f
6,1,0,40139688,0,b1c447812ec528b1
6,2,1,41446360,0,6e3a522b18a07eeb
6,5,2,41028589,0,0c56cf960e89fa9e
6,6,3,44586868,0,3748a4a493867232
6,7,4,44843286,0,852c9117bd0c0c35
6,4,5,47424150,0,1c5fa24745dc1358
6,3,6,42295291,0,fe93b8b03d3bcc5b
6,0,7,52086235,0,73cec0b8a7bce4dc
7,0,0,48835589,0,507fa2f8b75c5ebb
7,5,1,41682867,0,71056f4351046698
7,4,2,39917573,0,be682565e9cf7773
7,1,3,87876680,0,6230e8d342b54be9
7,2,4,52305766,0,51450fb1b5f77945
7,6,5,50250324,0,4818d0ec3cdcddf7
7,3,6,44518515,0,df92c4bf750cd075
7,7,7,39938074,0,ab4b5dd240ffca02
8,0,0,40813375,0,83a28bf8d6ee37f0
8,1,1,46733658,0,8edf0b56b6ed2f8e
8,3,2,38000510,0,61ca3a4138511242
8,7,3,43294599,0,43d96f2a4a36abfa
8,2,4,47270839,0,06f9a352a0409135
8,6,5,41966784,0,ea711c9f05de0ddd
8,5,6,39623980,0,e76cacafe58cbe81
8,4,7,45918198,0,f7d2e664e0ec1458
9,3,0,43273086,0,f94b179b4554402d
9,5,1,47056325,0,2fc53b16e1097ea2
9,6,2,44864627,0,7a54a5943ffeb791
9,7,3,49827557,0,0db30fa382470d73
9,4,4,45317741,0,9dad5be2834c93dc
9,0,5,44068276,0,a9dafe57f986735a
9,2,6,44584495,0,1392ce9244b400ef
9,1,7,52288259,0,783e2549fb0bb2be
10,7,0,43955866,0,fdb8c88468e9aa1b
10,2,1,44358123,0,951975894d4fd61a
10,3,2,46260834,0,157a3beda6121760
10,6,3,44718528,0,a5aa2c1bac62d086
10,0,4,42219627,0,95978ef27d7d79e4
10,4,5,47230607,0,6f5cf01c0cc12a56
10,5,6,42234589,0,046c8dd46c692c5d
10,1,7,44818117,0,7998b25c2e0681ae
11,6,0,40867036,0,47cde0e93da3145f
11,3,1,43349141,0,b9856baf212b5545
11,4,2,43107716,0,dbbdf36c760e04e7
11,1,3,42656756,0,1cfe22b6976dea5f
11,2,4,42176551,0,b1b611d1c4ed1c43
11,7,5,49858342,0,56e86548fae5cb7f
11,0,6,37817714,0,ccf418350bbd4eb9
11,5,7,40263956,0,309b0fa5670729bd
12,3,0,40575175,0,4c20264caf4c8600
12,0,1,41770789,0,fd74cf9348bac5eb
12,6,2,42268470,0,73d413ff1be6e214
12,5,3,40802068,0,2d670703c6f5e210
12,4,4,39900828,0,ea99d84d63796e1c
12,2,5,38153060,0,ba7391c111f4784f
12,1,6,45730835,0,1105f0685ff57976
12,7,7,41507803,0,27ed710507465b93
13,1,0,39322044,0,02886e06094be5f8
13,5,1,51253643,0,beb366b306ac27d6
13,3,2,41612390,0,affd2b5a69c36fa4
13,0,3,40708647,0,0cee8cbf16d16f29
13,2,4,41314781,0,fea7e28e1064ac7f
13,7,5,48471059,0,93fae4f3948335a0
13,6,6,43879411,0,f7625dc4e87b7618
13,4,7,41836578,0,6918fbb04f23b110
14,3,0,53201753,0,00ef8cb7e44b47bf
14,2,1,55026966,0,f77e7fefa5d00cda
14,6,2,43004836,0,044ac25a1ce1bfe6
14,5,3,45954068,0,9bcee75007326301
14,4,4,46173039,0,4c04fb85d9010c69
14,7,5,50116803,0,461851ffc9cb8135
14,1,6,45620925,0,e1e2194c88eac5e7
14,0,7,42085538,0,6a8439f5e0f49ad0
15,0,0,40184217,0,e9d2bde5bb29c411
15,5,1,42630801,0,3080e904d774828a
15,3,2,41367924,0,6064ec29110a6b82
15,4,3,72503871,0,7c7b12d7ff2df1b4
15,1,4,48631570,0,23d1a85ae0975b5a
15,6,5,64565196,0,139245432a1af4ed
15,7,6,42959406,0,8478883ad6a5427b
15,2,7,39800067,0,ba43a606a3c46d14
16,7,0,46574455,0,f01d4d8e024c4392
16,0,1,44683791,0,41a8dc563db52f5f
16,5,2,48331999,0,a126bc867ef35179
16,2,3,46981679,0,55bfff550afd4dea
16,3,4,45565041,0,0fd8542b4191fcde
16,4,5,49265528,0,64fea5575cfbb7a8
16,6,6,40765595,0,effc07bf75026e25
16,1,7,41886938,0,cd6970ed7fd0cc8f
17,1,0,42845315,0,5e970787fc990908
17,5,1,42106720,0,cbd0129810ecefdd
17,4,2,52638941,0,d9f1ac1ecbe5a5d7
17,7,3,40557040,0,ed12846340261f4c
17,0,4,42813766,0,9dcb58ddac00b962
17,3,5,52590067,0,c9eaf70f490c5af3
17,6,6,54618099,0,629486629b2f864a
17,2,7,51270254,0,5f15943344aacbf3
18,4,0,40076575,0,5d4969d7e9e88a82
18,5,1,40413845,0,1c1bcc436d5899b5
18,3,2,41171157,0,34e6e4f09d47cc71
18,0,3,43011696,0,5e353df30703285f
18,7,4,41621137,0,5d9324c1c83da8a2
18,6,5,47181161,0,f914ade8a75bdbd9
18,1,6,41068191,0,ce2f638c338d047b
18,2,7,42786535,0,19d3928469c38646
19,5,0,48592606,0,03548298c62810fa
19,0,1,68694253,0,bb49e38209a3ee11
19,6,2,43725272,0,5492f03560b114b7
19,1,3,48592125,0,c6ee093535f08150
19,7,4,39626694,0,511ea2f95c0b00ca
19,2,5,39973628,0,0730b84c9191beae
19,4,6,44315353,0,a882bd11c55ae97a
19,3,7,43736769,0,7e009763d55abf21
20,6,0,43897381,0,110657d3a0ee551b
20,0,1,41463326,0,a7d636f6e10b7543
20,2,2,48736948,0,d4b89723b9c6533b
20,7,3,48013646,0,30bc709a1bece20b
20,3,4,40422250,0,7b47fc6e6fa65edc
20,4,5,45935718,0,db59e8af46b92cd8
20,1,6,41042271,0,71293bafbe42dd24
20,5,7,44145246,0,f89cc3313ff5e72f
21,6,0,44463697,0,0858984f5db4ce58
21,1,1,42331077,0,9bece757756a5d0a
21,2,2,43071815,0,90ef53b35cc87697
21,0,3,43453762,0,918e27a86e14d456
21,5,4,43447652,0,2fcbd4f6f9029c78
21,3,5,48989900,0,cd82d56cb93055ed
21,4,6,45739703,0,45aa3553d72e0784
21,7,7,44797221,0,8130a99eb6ef0572
22,7,0,43204766,0,9b663a8dc702ee6f
22,3,1,39433392,0,7d3ff31865da5d35
22,4,2,59477112,0,65c1e0ff39e07746
22,2,3,39088912,0,304cbd696fccd477
22,0,4,41946586,0,9f9334c5fd67878a
22,1,5,40290927,0,54e6be3643d9058f
22,5,6,43358508,0,8c9f480cd6ec7d13
22,6,7,46569075,0,7ccf8277a9521bb5
23,7,0,42827692,0,74a53ec7a3a22a13
23,0,1,43870822,0,676d052348cb790c
23,2,2,47490907,0,d9e0d7ba0c68fce6
23,6,3,42565711,0,2f8cde58cc6c22b3
23,3,4,46297545,0,18c64655053a362e
23,4,5,51224523,0,5424bf2ee0451252
23,1,6,42072156,0,58c08df9ba51face
23,5,7,41781897,0,3e2501e03283b1c9
24,7,0,39331888,0,52fe42718ff629bb
24,1,1,38879456,0,cd847766e0c8f426
24,0,2,47283543,0,fbee0b39036f35ef
24,3,3,41648506,0,d39397db6b2e69d8
24,6,4,41472881,0,d206d1c22864d2fc
24,5,5,41587615,0,feb034de15b1a03d
24,4,6,40906767,0,1f8092da90cba096
24,2,7,39587205,0,3a7f452e0be359c7
25,2,0,39936722,0,2dc2d1b1d101cf33
25,6,1,41773636,0,6670e66dbca5ea98
25,1,2,39294002,0,2d1118e434207eaa
25,7,3,43248241,0,75eede33d409081c
25,3,4,43361993,0,9b1ae5d8c5265465
25,4,5,40448996,0,1854b32a55f39488
25,0,6,44195712,0,cdd2af0a6370ad8f
25,5,7,41387152,0,34d7ca2c2405b7ab
26,0,0,41494594,0,00e12ea49c02659c
26,6,1,42733910,0,e2067113cb975627
26,7,2,43606132,0,7e0b51263a1a3ce2
26,3,3,39754948,0,b6302d16bdc55a0e
26,1,4,45825452,0,91df83690fb79362
26,5,5,44356916,0,bf3cef0b56b7741d
26,4,6,38198068,0,b4a09fdeb7e29bbd
26,2,7,51713131,0,02bbede15f990f48
27,7,0,52236721,0,e41234507a15f2bc
27,6,1,38865775,0,200655e6c4ffa6c7
27,3,2,43975790,0,74aa99f97b57afaf
27,0,3,45399530,0,1e1dbe602a5fb8eb
27,2,4,41239129,0,172827c1f02ddd59
27,1,5,43268292,0,7d709d0807d470c2
27,4,6,41113508,0,91f03e0e4de37020
27,5,7,41590389,0,2b848315ee2ce435
28,6,0,41407402,0,cfbe590a6717b978
28,3,1,52662915,0,85c9a9f76ee91915
28,0,2,45970261,0,68eeceea7678adf6
28,7,3,40900869,0,0e16b89e0dd54c00
28,4,4,40132178,0,ea3db1839e29c886
28,5,5,38737721,0,131f2bb51ef42786
28,1,6,51303202,0,a33e130b2cd3b48c
28,2,7,41032666,0,e520af1b139813ac
29,2,0,44975439,0,96a2e5a63c1225e7
29,3,1,47961397,0,ef53677437d3de1a
29,5,2,43395304,0,04c24cb7d3634745
29,1,3,41168422,0,76d52bf5ebbf1aa4
29,6,4,40581716,0,a7c713b43e8499e9
29,4,5,41038576,0,ac950837cfe10b3e
29,0,6,45805903,0,b04571fe7c1590bb
29,7,7,45005384,0,6d03182650ff2e13
30,0,0,50039044,0,b54b27fe089e5da7
30,3,1,43260680,0,162e71e3ac6a6168
30,2,2,40621827,0,00d818d7ee4fdf64
30,4,3,39882611,0,a1b53c7ff70b1526
30,5,4,43465219,0,56a23c325b99037e
30,1,5,42728817,0,c6263abf087afb19
30,7,6,42589096,0,7f146014ea645831
30,6,7,42066337,0,091715fae15cf643
31,6,0,49525058,0,c2de7eb074ab3ebd
31,3,1,39749740,0,a1afe128cdea428d
31,7,2,54359496,0,576fbcf96e650109
31,2,3,44091094,0,c32c73cdde404bfc
31,4,4,44408703,0,50cd7971751bb4ae
31,5,5,41237526,0,a18eab56f4c3e6f9
31,0,6,41095321,0,5fe1f88a59154c75
31,1,7,47089711,0,1f0b6dd6962e80a1
